a,rel,b
http://www.wikidata.org/entity/Q192712,http://www.wikidata.org/prop/direct/P22,http://www.wikidata.org/entity/Q170741
http://www.wikidata.org/entity/Q170741,http://www.wikidata.org/prop/direct/P40,http://www.wikidata.org/entity/Q192712
http://www.wikidata.org/entity/Q76613,http://www.wikidata.org/prop/direct/P40,http://www.wikidata.org/entity/Q237142
http://www.wikidata.org/entity/Q5341373,http://www.wikidata.org/prop/direct/P26,http://www.wikidata.org/entity/Q6796222
http://www.wikidata.org/entity/Q133747,http://www.wikidata.org/prop/direct/P40,http://www.wikidata.org/entity/Q131729
http://www.wikidata.org/entity/Q131729,http://www.wikidata.org/prop/direct/P22,http://www.wikidata.org/entity/Q133747
http://www.wikidata.org/entity/Q133846,http://www.wikidata.org/prop/direct/P22,http://www.wikidata.org/entity/Q47285
http://www.wikidata.org/entity/Q204733,http://www.wikidata.org/prop/direct/P26,http://www.wikidata.org/entity/Q78501
http://www.wikidata.org/entity/Q7186,http://www.wikidata.org/prop/direct/P26,http://www.wikidata.org/entity/Q37463
http://www.wikidata.org/entity/Q7504,http://www.wikidata.org/prop/direct/P22,http://www.wikidata.org/entity/Q37463
http://www.wikidata.org/entity/Q7504,http://www.wikidata.org/prop/direct/P25,http://www.wikidata.org/entity/Q7186
http://www.wikidata.org/entity/Q37463,http://www.wikidata.org/prop/direct/P26,http://www.wikidata.org/entity/Q7186
http://www.wikidata.org/entity/Q7504,http://www.wikidata.org/prop/direct/P26,http://www.wikidata.org/entity/Q150989
http://www.wikidata.org/entity/Q7504,http://www.wikidata.org/prop/direct/P25,http://www.wikidata.org/entity/Q7186
http://www.wikidata.org/entity/Q37463,http://www.wikidata.org/prop/direct/P26,http://www.wikidata.org/entity/Q7186
http://www.wikidata.org/entity/Q7186,http://www.wikidata.org/prop/direct/P40,http://www.wikidata.org/entity/Q7504
http://www.wikidata.org/entity/Q37463,http://www.wikidata.org/prop/direct/P40,http://www.wikidata.org/entity/Q7504
http://www.wikidata.org/entity/Q47285,http://www.wikidata.org/prop/direct/P40,http://www.wikidata.org/entity/Q133846
http://www.wikidata.org/entity/Q295678,http://www.wikidata.org/prop/direct/P40,http://www.wikidata.org/entity/Q170676
http://www.wikidata.org/entity/Q7085,http://www.wikidata.org/prop/direct/P40,http://www.wikidata.org/entity/Q103854
http://www.wikidata.org/entity/Q7186,http://www.wikidata.org/prop/direct/P26,http://www.wikidata.org/entity/Q37463
http://www.wikidata.org/entity/Q103854,http://www.wikidata.org/prop/direct/P22,http://www.wikidata.org/entity/Q7085
http://www.wikidata.org/entity/Q7186,http://www.wikidata.org/prop/direct/P40,http://www.wikidata.org/entity/Q7504
http://www.wikidata.org/entity/Q237142,http://www.wikidata.org/prop/direct/P22,http://www.wikidata.org/entity/Q76613
http://www.wikidata.org/entity/Q150989,http://www.wikidata.org/prop/direct/P26,http://www.wikidata.org/entity/Q7504
http://www.wikidata.org/entity/Q170676,http://www.wikidata.org/prop/direct/P22,http://www.wikidata.org/entity/Q295678
http://www.wikidata.org/entity/Q295696,http://www.wikidata.org/prop/direct/P40,http://www.wikidata.org/entity/Q170342
http://www.wikidata.org/entity/Q78501,http://www.wikidata.org/prop/direct/P26,http://www.wikidata.org/entity/Q204733
http://www.wikidata.org/entity/Q170342,http://www.wikidata.org/prop/direct/P22,http://www.wikidata.org/entity/Q295696
http://www.wikidata.org/entity/Q6796222,http://www.wikidata.org/prop/direct/P26,http://www.wikidata.org/entity/Q5341373
