pl,plLabel,countryLabel
http://www.wikidata.org/entity/Q818311,Rexburg,United States
http://www.wikidata.org/entity/Q714740,Churchill College,United Kingdom
http://www.wikidata.org/entity/Q462184,Urbana,United States
http://www.wikidata.org/entity/Q5083,Seattle,United States
http://www.wikidata.org/entity/Q16552,San Diego,United States
http://www.wikidata.org/entity/Q3033,Göttingen,Germany
http://www.wikidata.org/entity/Q9920,Haarlem,Netherlands
http://www.wikidata.org/entity/Q60,New York City,United States
http://www.wikidata.org/entity/Q1355,Bengaluru,India
http://www.wikidata.org/entity/Q2364887,Sancellemoz,France
http://www.wikidata.org/entity/Q491350,Orange,United States
http://www.wikidata.org/entity/Q484678,Berkeley,United States
http://www.wikidata.org/entity/Q28848,Saint Paul,United States
http://www.wikidata.org/entity/Q1924088,Messelhausen,Germany
http://www.wikidata.org/entity/Q56036,West Berlin,West Germany
http://www.wikidata.org/entity/Q10466522,Danderyd,Sweden
http://www.wikidata.org/entity/Q18575,Tucson,United States
http://www.wikidata.org/entity/Q16045,Jülich,Germany
http://www.wikidata.org/entity/Q505417,Wakulla County,United States
http://www.wikidata.org/entity/Q217346,Ithaca,United States
http://www.wikidata.org/entity/Q220090,Grünwald,Germany
http://www.wikidata.org/entity/Q33421377,Amersfoort,Netherlands
http://www.wikidata.org/entity/Q133116,Hamilton,Canada
http://www.wikidata.org/entity/Q485176,Pasadena,United States
http://www.wikidata.org/entity/Q72,Zurich,Switzerland
http://www.wikidata.org/entity/Q43631,Leiden,Netherlands
http://www.wikidata.org/entity/Q56037,East Berlin,East Germany
http://www.wikidata.org/entity/Q17634713,manoir de Pen Castel,France
http://www.wikidata.org/entity/Q54145,Medford,United States
http://www.wikidata.org/entity/Q204234,Milton Keynes,United Kingdom
http://www.wikidata.org/entity/Q1748,Copenhagen,Denmark
http://www.wikidata.org/entity/Q37043,Tallahassee,United States
http://www.wikidata.org/entity/Q138518,Princeton,United States
http://www.wikidata.org/entity/Q173813,Stanford,United States
http://www.wikidata.org/entity/Q34217,Oxford,United Kingdom
http://www.wikidata.org/entity/Q47265,Palo Alto,United States
http://www.wikidata.org/entity/Q331380,Schenectady,United States
http://www.wikidata.org/entity/Q23436,Edinburgh,United Kingdom
http://www.wikidata.org/entity/Q1075656,Bilthoven,Netherlands
http://www.wikidata.org/entity/Q586,Bonn,Germany
http://www.wikidata.org/entity/Q56036,West Berlin,allied-occupied Germany
http://www.wikidata.org/entity/Q54755,Ängelholm,Sweden
http://www.wikidata.org/entity/Q2169282,UCLA Ronald Reagan Medical Center,United States
http://www.wikidata.org/entity/Q548384,Twin Falls,United States
http://www.wikidata.org/entity/Q90,Paris,France
http://www.wikidata.org/entity/Q253119,Traunstein,Germany
http://www.wikidata.org/entity/Q467479,Toyonaka,Japan
http://www.wikidata.org/entity/Q467338,Bandol,France
http://www.wikidata.org/entity/Q49196,Newton,United States
http://www.wikidata.org/entity/Q1087523,Rumson,United States
http://www.wikidata.org/entity/Q1726,Munich,Germany
http://www.wikidata.org/entity/Q34600,Kyoto,Japan
http://www.wikidata.org/entity/Q1001891,Saco,United States
http://www.wikidata.org/entity/Q220,Rome,Italy
http://www.wikidata.org/entity/Q350,Cambridge,United Kingdom
http://www.wikidata.org/entity/Q49111,Cambridge,United States
http://www.wikidata.org/entity/Q649,Moscow,Russia
http://www.wikidata.org/entity/Q747172,Woods Hole,United States
http://www.wikidata.org/entity/Q127856,Beverly Hills,United States
http://www.wikidata.org/entity/Q84,London,United Kingdom
http://www.wikidata.org/entity/Q1085,Prague,Czech Republic
http://www.wikidata.org/entity/Q288,Tours,France
http://www.wikidata.org/entity/Q628,Bergamo,Italy
http://www.wikidata.org/entity/Q2833,Freiburg im Breisgau,Germany
http://www.wikidata.org/entity/Q1489,Mexico City,Mexico
http://www.wikidata.org/entity/Q1930,Ottawa,Canada
http://www.wikidata.org/entity/Q1486,Buenos Aires,Argentina
http://www.wikidata.org/entity/Q65,Los Angeles,United States
http://www.wikidata.org/entity/Q78,Basel,Switzerland
http://www.wikidata.org/entity/Q24639,Vancouver,Canada
http://www.wikidata.org/entity/Q462177,White Plains,United States
http://www.wikidata.org/entity/Q246884,Lewes,United Kingdom
http://www.wikidata.org/entity/Q3784243,Llangarron,United Kingdom
http://www.wikidata.org/entity/Q61936,Starnberg,Germany
http://www.wikidata.org/entity/Q44756,Catamarca Province,Argentina
http://www.wikidata.org/entity/Q165131,Bad Muskau,Germany
http://www.wikidata.org/entity/Q25732,Örebro,Sweden
http://www.wikidata.org/entity/Q3248527,Hastings-on-Hudson,United States
http://www.wikidata.org/entity/Q107126,Arlington County,United States
http://www.wikidata.org/entity/Q10519481,"Helga Trefaldighet parish, Uppsala diocese",Sweden
http://www.wikidata.org/entity/Q38234,Nagasaki,Japan
http://www.wikidata.org/entity/Q192265,Focșani,Romania
http://www.wikidata.org/entity/Q246884,Lewes,Kingdom of England
http://www.wikidata.org/entity/Q2043291,Ilmington,United Kingdom
http://www.wikidata.org/entity/Q927189,Duarte,United States
http://www.wikidata.org/entity/Q840668,La Jolla,United States
http://www.wikidata.org/entity/Q165131,Bad Muskau,Kingdom of Prussia
http://www.wikidata.org/entity/Q859413,Big Sur,United States
http://www.wikidata.org/entity/Q165131,Bad Muskau,Duchy of Jawor
http://www.wikidata.org/entity/Q130191,Norwich,United Kingdom
http://www.wikidata.org/entity/Q171224,Eugene,United States
http://www.wikidata.org/entity/Q9005,Brussels metropolitan area,Belgium
http://www.wikidata.org/entity/Q25319,Aarhus,Denmark
http://www.wikidata.org/entity/Q3141,Melbourne,Australia
http://www.wikidata.org/entity/Q1088317,Salem,United States
http://www.wikidata.org/entity/Q284803,Lafayette,United States
http://www.wikidata.org/entity/Q582689,Barnt Green,United Kingdom
http://www.wikidata.org/entity/Q1297,Chicago,United States
http://www.wikidata.org/entity/Q1088520,Cresskill,United States
http://www.wikidata.org/entity/Q365,Cologne,Germany
http://www.wikidata.org/entity/Q64,Berlin,Germany
http://www.wikidata.org/entity/Q996569,El Cerrito,United States
http://www.wikidata.org/entity/Q375905,Deerfield,United States
http://www.wikidata.org/entity/Q2059003,Bourne End,United Kingdom
http://www.wikidata.org/entity/Q1817504,Great Missenden,United Kingdom
http://www.wikidata.org/entity/Q889888,Bodmin,United Kingdom
http://www.wikidata.org/entity/Q995255,Burlington,United States
http://www.wikidata.org/entity/Q2916809,Sde Nahum,Israel
http://www.wikidata.org/entity/Q680984,Bellshill,United Kingdom
http://www.wikidata.org/entity/Q38022,St. Louis,United States
http://www.wikidata.org/entity/Q1342,Pittsburgh,United States
http://www.wikidata.org/entity/Q6106,Portland,United States
http://www.wikidata.org/entity/Q18125,Manchester,United Kingdom
http://www.wikidata.org/entity/Q340,Montreal,Canada
http://www.wikidata.org/entity/Q16558,Fort Worth,United States
http://www.wikidata.org/entity/Q16553,San Jose,United States
http://www.wikidata.org/entity/Q1022,Stuttgart,Germany
http://www.wikidata.org/entity/Q2103,Bochum,Germany
http://www.wikidata.org/entity/Q3926,Pretoria,South Africa
http://www.wikidata.org/entity/Q270,Warsaw,Poland
http://www.wikidata.org/entity/Q37320,Cleveland,United States
http://www.wikidata.org/entity/Q1781,Budapest,Hungary
http://www.wikidata.org/entity/Q1794,Frankfurt,Germany
http://www.wikidata.org/entity/Q5332,Saratov,Russia
http://www.wikidata.org/entity/Q85,Cairo,Egypt
http://www.wikidata.org/entity/Q41262,Nottingham,United Kingdom
http://www.wikidata.org/entity/Q1813037,Lehe,Germany
http://www.wikidata.org/entity/Q1247822,Burnham-on-Sea,United Kingdom
http://www.wikidata.org/entity/Q990990,Raton,United States
http://www.wikidata.org/entity/Q502632,Lemvig,Denmark
http://www.wikidata.org/entity/Q752255,Juvisy-sur-Orge,France
http://www.wikidata.org/entity/Q1779942,Berne,United States
http://www.wikidata.org/entity/Q2078535,Chorley,United Kingdom
http://www.wikidata.org/entity/Q2201244,Neudorf,Canada
http://www.wikidata.org/entity/Q5595214,Grand Valley,United States
http://www.wikidata.org/entity/Q43195,Aigle,Switzerland
http://www.wikidata.org/entity/Q169134,Nara,Japan
http://www.wikidata.org/entity/Q4074,Euskirchen,Germany
http://www.wikidata.org/entity/Q1799,Wrocław,Poland
http://www.wikidata.org/entity/Q756273,Karcag,Hungary
http://www.wikidata.org/entity/Q826561,Halifax,United Kingdom
http://www.wikidata.org/entity/Q23276,Surrey,United Kingdom
http://www.wikidata.org/entity/Q831279,Weidenau,Germany
http://www.wikidata.org/entity/Q175129,13th arrondissement of Paris,France
http://www.wikidata.org/entity/Q24826,Liverpool,United Kingdom
http://www.wikidata.org/entity/Q1218,Jerusalem,Israel
http://www.wikidata.org/entity/Q1218,Jerusalem,Palestine
http://www.wikidata.org/entity/Q213224,Menen,Belgium
http://www.wikidata.org/entity/Q3355306,Fukuchiyama,Japan
http://www.wikidata.org/entity/Q54134,Newburyport,United States
http://www.wikidata.org/entity/Q4120832,Königsberg,Soviet Union
http://www.wikidata.org/entity/Q4120832,Königsberg,Nazi Germany
http://www.wikidata.org/entity/Q623594,Zolochiv,Ukraine
http://www.wikidata.org/entity/Q840678,Redondo Beach,United States
http://www.wikidata.org/entity/Q1754,Stockholm,Sweden
http://www.wikidata.org/entity/Q4120832,Königsberg,German Empire
http://www.wikidata.org/entity/Q653510,Suita,Japan
http://www.wikidata.org/entity/Q16520,Busan,South Korea
http://www.wikidata.org/entity/Q100,Boston,United States
http://www.wikidata.org/entity/Q1327770,Todmorden,United Kingdom
http://www.wikidata.org/entity/Q4120832,Königsberg,Russian Empire
http://www.wikidata.org/entity/Q2496370,Walkerton,United States
http://www.wikidata.org/entity/Q2432500,Ishpeming,United States
http://www.wikidata.org/entity/Q18419,Brooklyn,United States
http://www.wikidata.org/entity/Q324912,Wąbrzeźno,Poland
http://www.wikidata.org/entity/Q279890,Germantown,United States
http://www.wikidata.org/entity/Q194420,16th arrondissement of Paris,France
http://www.wikidata.org/entity/Q4120832,Königsberg,Kingdom of Prussia
http://www.wikidata.org/entity/Q2247076,Barger-Compascuum,Netherlands
http://www.wikidata.org/entity/Q1055,Hamburg,Germany
http://www.wikidata.org/entity/Q155332,Chidambaram,India
http://www.wikidata.org/entity/Q104302,Chorzów,Poland
http://www.wikidata.org/entity/Q578314,Sterling,United States
http://www.wikidata.org/entity/Q170377,Blackpool,United Kingdom
http://www.wikidata.org/entity/Q3852,Worms,Germany
http://www.wikidata.org/entity/Q2251258,Porto Maurizio,Italy
http://www.wikidata.org/entity/Q61,"Washington, D.C.",United States
http://www.wikidata.org/entity/Q33935,Tel Aviv,Israel
http://www.wikidata.org/entity/Q41621,Haifa,Israel
http://www.wikidata.org/entity/Q2299008,Solln,Germany
http://www.wikidata.org/entity/Q691679,Želva,Lithuania
http://www.wikidata.org/entity/Q1012031,Wisbech,United Kingdom
http://www.wikidata.org/entity/Q1741,Vienna,Austria
http://www.wikidata.org/entity/Q1025790,Fowey,United Kingdom
http://www.wikidata.org/entity/Q209814,Guebwiller,France
http://www.wikidata.org/entity/Q207754,Tiruchirappalli,India
http://www.wikidata.org/entity/Q1780,Bratislava,Slovakia
http://www.wikidata.org/entity/Q6346,Indianapolis,United States
http://www.wikidata.org/entity/Q1891,Bologna,Italy
http://www.wikidata.org/entity/Q2999,Würzburg,Germany
http://www.wikidata.org/entity/Q23154,Bristol,United Kingdom
http://www.wikidata.org/entity/Q749,Groningen,Netherlands
http://www.wikidata.org/entity/Q588,Katowice,Poland
http://www.wikidata.org/entity/Q656,Saint Petersburg,Russia
http://www.wikidata.org/entity/Q39121,Leeds,United Kingdom
http://www.wikidata.org/entity/Q393171,Q393171,Poland
http://www.wikidata.org/entity/Q52903,Środa Wielkopolska,Poland
http://www.wikidata.org/entity/Q4165,Bad Homburg vor der Höhe,Germany
http://www.wikidata.org/entity/Q7473516,Tokyo,Japan
http://www.wikidata.org/entity/Q504114,Guelph,Canada
http://www.wikidata.org/entity/Q187346,Constantine,Algeria
http://www.wikidata.org/entity/Q1908426,Bearsden,United Kingdom
http://www.wikidata.org/entity/Q1425428,Newcastle upon Tyne,United Kingdom
http://www.wikidata.org/entity/Q515907,Freihung,Germany
http://www.wikidata.org/entity/Q3963,Fulda,Germany
http://www.wikidata.org/entity/Q4077,Görlitz,Germany
http://www.wikidata.org/entity/Q807063,Baofeng County,People's Republic of China
http://www.wikidata.org/entity/Q1527924,Lorenzkirch,Germany
http://www.wikidata.org/entity/Q2167,Lund,Sweden
http://www.wikidata.org/entity/Q2593038,Parusnoye,Russia
http://www.wikidata.org/entity/Q49192,Middletown,United States
http://www.wikidata.org/entity/Q835831,Mount Vernon,United States
http://www.wikidata.org/entity/Q184163,Colchester,United Kingdom
http://www.wikidata.org/entity/Q62460,Far Rockaway,United States
http://www.wikidata.org/entity/Q10602808,Norrköping Saint Olof parish,Sweden
http://www.wikidata.org/entity/Q368241,Medicine Hat,Canada
http://www.wikidata.org/entity/Q138391,Paterson,United States
http://www.wikidata.org/entity/Q1379757,Rye,United States
http://www.wikidata.org/entity/Q233808,Aberdeen,United States
http://www.wikidata.org/entity/Q135744,Galveston,United States
http://www.wikidata.org/entity/Q11751,Nagoya,Japan
http://www.wikidata.org/entity/Q745594,Wilkes-Barre,United States
http://www.wikidata.org/entity/Q43453,Plzeň,Czech Republic
http://www.wikidata.org/entity/Q49190,Waltham,United States
http://www.wikidata.org/entity/Q270887,Lethbridge,Canada
http://www.wikidata.org/entity/Q2015708,Cheetham Hill,United Kingdom
http://www.wikidata.org/entity/Q745038,Waalwijk,Netherlands
http://www.wikidata.org/entity/Q482657,Logan,United States
http://www.wikidata.org/entity/Q486577,Lennep,Germany
http://www.wikidata.org/entity/Q932261,Sydney,Canada
http://www.wikidata.org/entity/Q26421,Dordrecht,Netherlands
http://www.wikidata.org/entity/Q9365159,Freta Street,Poland
http://www.wikidata.org/entity/Q189602,Missoula,United States
http://www.wikidata.org/entity/Q16554,Denver,United States
http://www.wikidata.org/entity/Q1515281,Council,United States
http://www.wikidata.org/entity/Q11503891,Shinritsu,Japan
http://www.wikidata.org/entity/Q26793,Bergen,Norway
http://www.wikidata.org/entity/Q1345,Philadelphia,United States
http://www.wikidata.org/entity/Q131491,Brighton,United Kingdom
http://www.wikidata.org/entity/Q485172,Ann Arbor,United States
http://www.wikidata.org/entity/Q6625,Agen,France
http://www.wikidata.org/entity/Q727,Amsterdam,Netherlands
http://www.wikidata.org/entity/Q1310,Arnhem,Netherlands
http://www.wikidata.org/entity/Q748474,Corvallis,United States
http://www.wikidata.org/entity/Q2966,Heidelberg,Germany
http://www.wikidata.org/entity/Q2368653,Merriman,United States
http://www.wikidata.org/entity/Q495373,Visalia,United States
http://www.wikidata.org/entity/Q1751297,Koblenz-Pfaffendorf,Germany
http://www.wikidata.org/entity/Q1026616,Jhang,Pakistan
http://www.wikidata.org/entity/Q3955,Weimar,Germany
http://www.wikidata.org/entity/Q159469,Albertville,France
http://www.wikidata.org/entity/Q385060,Camberwell,United Kingdom
http://www.wikidata.org/entity/Q1006865,Wauwatosa,United States
http://www.wikidata.org/entity/Q753603,Fallston,United States
http://www.wikidata.org/entity/Q966965,Glendale,United States
http://www.wikidata.org/entity/Q5092,Baltimore,United States
http://www.wikidata.org/entity/Q18094,Honolulu,United States
http://www.wikidata.org/entity/Q597,Lisbon,Portugal
http://www.wikidata.org/entity/Q3572,Tunis,Tunisia
http://www.wikidata.org/entity/Q49218,Rochester,United States
http://www.wikidata.org/entity/Q671812,Chapel Hill,United States
http://www.wikidata.org/entity/Q999123,Huntington,United States
http://www.wikidata.org/entity/Q2321706,Kingston upon Thames,United Kingdom
http://www.wikidata.org/entity/Q663035,Lincoln,United States
http://www.wikidata.org/entity/Q1672375,Bar Harbor,United States
http://www.wikidata.org/entity/Q1144518,Great Barrington,United States
http://www.wikidata.org/entity/Q172157,Winchester,United Kingdom
http://www.wikidata.org/entity/Q3056724,Syosset,United States
http://www.wikidata.org/entity/Q74195,Menlo Park,United States
http://www.wikidata.org/entity/Q25287,Gothenburg,Sweden
http://www.wikidata.org/entity/Q39984,Cannes,France
http://www.wikidata.org/entity/Q2216430,Fulmer,United Kingdom
http://www.wikidata.org/entity/Q874300,Winchester,United Kingdom
http://www.wikidata.org/entity/Q486868,Pomona,United States
http://www.wikidata.org/entity/Q1599139,Mölle,Sweden
http://www.wikidata.org/entity/Q7244808,Princess Royal University Hospital,United Kingdom
http://www.wikidata.org/entity/Q334,Singapore,Singapore
http://www.wikidata.org/entity/Q2678982,Nethen,Belgium
http://www.wikidata.org/entity/Q43788,Madison,United States
http://www.wikidata.org/entity/Q67745,Tenero-Contra,Switzerland
http://www.wikidata.org/entity/Q187153,14th arrondissement of Paris,France
http://www.wikidata.org/entity/Q239,Brussels,Belgium
http://www.wikidata.org/entity/Q3183,Perth,Australia
http://www.wikidata.org/entity/Q36405,Aberdeen,United Kingdom
http://www.wikidata.org/entity/Q322714,Castillon-du-Gard,France
http://www.wikidata.org/entity/Q10612973,Hedvig Eleonora and Oscar Parish,Sweden
http://www.wikidata.org/entity/Q602783,Ocho Rios,Jamaica
http://www.wikidata.org/entity/Q23197,Nashville,United States
http://www.wikidata.org/entity/Q16557,Dallas,United States
http://www.wikidata.org/entity/Q674469,Del Mar,United States
http://www.wikidata.org/entity/Q208262,Eastbourne,United Kingdom
http://www.wikidata.org/entity/Q2807,Madrid,Spain
http://www.wikidata.org/entity/Q929667,Lexington,United States
http://www.wikidata.org/entity/Q16555,Houston,United States
http://www.wikidata.org/entity/Q15695,Salamanca,Spain
http://www.wikidata.org/entity/Q9125,Winterthur,Switzerland
http://www.wikidata.org/entity/Q1720,Mainz,Germany
http://www.wikidata.org/entity/Q7880,Toulouse,France
http://www.wikidata.org/entity/Q43421,Richmond,United States
http://www.wikidata.org/entity/Q1757,Helsinki,Finland
http://www.wikidata.org/entity/Q29303,Canterbury,United Kingdom
http://www.wikidata.org/entity/Q959443,Chesterfield,United States
http://www.wikidata.org/entity/Q1132763,Drexel Hill,United States
http://www.wikidata.org/entity/Q1375477,Annandale,United States
http://www.wikidata.org/entity/Q755604,Randallstown,United States
http://www.wikidata.org/entity/Q166481,West Lafayette,United States
http://www.wikidata.org/entity/Q3360,7th arrondissement of Lyon,France
http://www.wikidata.org/entity/Q3145207,Saint-Antoine Hospital,France
http://www.wikidata.org/entity/Q268873,Newport Beach,United States
http://www.wikidata.org/entity/Q762133,Louveciennes,France
http://www.wikidata.org/entity/Q898484,Branford,United States
http://www.wikidata.org/entity/Q38283,Yokohama,Japan
http://www.wikidata.org/entity/Q5245991,Oslo Municipality,Norway
http://www.wikidata.org/entity/Q1087516,Rockleigh,United States
http://www.wikidata.org/entity/Q996556,Wickenburg,United States
http://www.wikidata.org/entity/Q700211,Steglitz,Germany
http://www.wikidata.org/entity/Q69956,Mammern,Switzerland
http://www.wikidata.org/entity/Q399976,Palm Desert,United States
http://www.wikidata.org/entity/Q18383,Providence,United States
http://www.wikidata.org/entity/Q585,Oslo,Norway
http://www.wikidata.org/entity/Q695511,College Station,United States
http://www.wikidata.org/entity/Q560850,Großbothen,Germany
http://www.wikidata.org/entity/Q427559,Coral Gables,United States
http://www.wikidata.org/entity/Q40435,Buffalo,United States
http://www.wikidata.org/entity/Q16248343,Terling Place,United Kingdom
http://www.wikidata.org/entity/Q7962713,Wallace,Canada
http://www.wikidata.org/entity/Q1088201,Barnegat Township,United States
http://www.wikidata.org/entity/Q1461,Manila,Philippines
http://www.wikidata.org/entity/Q328153,Damanhur,Egypt
http://www.wikidata.org/entity/Q64113,Aarberg,Switzerland
http://www.wikidata.org/entity/Q128114,Yonkers,United States
http://www.wikidata.org/entity/Q267791,Q267791,Austria
http://www.wikidata.org/entity/Q163132,Akron,United States
http://www.wikidata.org/entity/Q1707,Kiel,Germany
http://www.wikidata.org/entity/Q3012,Ulm,Germany
http://www.wikidata.org/entity/Q1309,Maastricht,Netherlands
http://www.wikidata.org/entity/Q2135,Winnipeg,Canada
http://www.wikidata.org/entity/Q37836,Milwaukee,United States
http://www.wikidata.org/entity/Q49158,Springfield,United States
http://www.wikidata.org/entity/Q3699290,Harborne,United Kingdom
http://www.wikidata.org/entity/Q1902634,Zonnemaire,Netherlands
http://www.wikidata.org/entity/Q755507,Atherton,Australia
http://www.wikidata.org/entity/Q2028342,Lenoir,United States
http://www.wikidata.org/entity/Q1206399,Ikata,Japan
http://www.wikidata.org/entity/Q127506,Taunton,United States
http://www.wikidata.org/entity/Q470594,Amherst,Canada
http://www.wikidata.org/entity/Q676689,Gravesend,United Kingdom
http://www.wikidata.org/entity/Q5867,Vukovar,Croatia
http://www.wikidata.org/entity/Q2121249,Stainforth,United Kingdom
http://www.wikidata.org/entity/Q981528,Alice,United States
http://www.wikidata.org/entity/Q79815,Mulhouse,France
http://www.wikidata.org/entity/Q2429670,Canton,United States
http://www.wikidata.org/entity/Q736742,Wimbledon,United Kingdom
http://www.wikidata.org/entity/Q204266,Toyama,Japan
http://www.wikidata.org/entity/Q996544,Northfield,United States
http://www.wikidata.org/entity/Q6582,Carcassonne,France
http://www.wikidata.org/entity/Q34370,Rotterdam,Netherlands
http://www.wikidata.org/entity/Q1004614,Savur district,Turkey
http://www.wikidata.org/entity/Q183557,Dieppe,France
http://www.wikidata.org/entity/Q23443,Provo,United States
http://www.wikidata.org/entity/Q17344907,Professor Zeemanstraat 15,Netherlands
http://www.wikidata.org/entity/Q2605064,Rendcomb,United Kingdom
http://www.wikidata.org/entity/Q13521877,Mukawa,Japan
http://www.wikidata.org/entity/Q54179,Methuen,United States
http://www.wikidata.org/entity/Q22990,Rosheim,France
http://www.wikidata.org/entity/Q182208,Neuenkirchen,Germany
http://www.wikidata.org/entity/Q92237,Hsinking,Manchukuo
http://www.wikidata.org/entity/Q594920,Chester,United States
http://www.wikidata.org/entity/Q83065,Leicester,United Kingdom
http://www.wikidata.org/entity/Q1186680,Monessen,United States
http://www.wikidata.org/entity/Q4093,Glasgow,United Kingdom
http://www.wikidata.org/entity/Q489255,Sioux City,United States
http://www.wikidata.org/entity/Q986183,Delaware,United States
http://www.wikidata.org/entity/Q725514,Ashiya,Japan
http://www.wikidata.org/entity/Q680963,Mór,Hungary
http://www.wikidata.org/entity/Q2805012,Ridgeville,United States
http://www.wikidata.org/entity/Q1684577,Schloss Waldstein,Austria
http://www.wikidata.org/entity/Q196907,Usman,Russia
http://www.wikidata.org/entity/Q21711493,Christiania,Norway
http://www.wikidata.org/entity/Q18406045,Novaya Chigla,Russia
http://www.wikidata.org/entity/Q14808,Oranienburg,Germany
http://www.wikidata.org/entity/Q1223916,Masterton,New Zealand
http://www.wikidata.org/entity/Q3130,Sydney,Australia
http://www.wikidata.org/entity/Q747444,Pleasanton,United States
http://www.wikidata.org/entity/Q26404733,Langford Grove,United Kingdom
http://www.wikidata.org/entity/Q3667188,Cherbourg,France
http://www.wikidata.org/entity/Q2247131,Bollington,United Kingdom
http://www.wikidata.org/entity/Q456550,Tienen,Belgium
http://www.wikidata.org/entity/Q274120,Niagara Falls,Canada
http://www.wikidata.org/entity/Q1773,Riga,Latvia
http://www.wikidata.org/entity/Q1022741,Widnes,United Kingdom
http://www.wikidata.org/entity/Q192859,Etterbeek,Belgium
http://www.wikidata.org/entity/Q793432,Azabu,Japan
http://www.wikidata.org/entity/Q2349502,Mineola,United States
http://www.wikidata.org/entity/Q24197253,Glencorse,United Kingdom
http://www.wikidata.org/entity/Q807,Lausanne,Switzerland
http://www.wikidata.org/entity/Q648,Lille,France
http://www.wikidata.org/entity/Q6602,Strasbourg,France
http://www.wikidata.org/entity/Q11739,Lahore,Pakistan
http://www.wikidata.org/entity/Q9248,Baku,Azerbaijan
http://www.wikidata.org/entity/Q823907,Higashimatsuyama,Japan
http://www.wikidata.org/entity/Q159605,Tivoli,Italy
http://www.wikidata.org/entity/Q959,Vladivostok,Russia
http://www.wikidata.org/entity/Q892805,Bonnevoie,Luxembourg
http://www.wikidata.org/entity/Q628354,Fleurier,Switzerland
http://www.wikidata.org/entity/Q3348,3rd arrondissement of Lyon,France
http://www.wikidata.org/entity/Q11253,Lower Manhattan,United States
http://www.wikidata.org/entity/Q205765,Dubrovytsia,Ukraine
http://www.wikidata.org/entity/Q331397,Oak Park,United States
http://www.wikidata.org/entity/Q2090795,Abbeyside,Ireland
http://www.wikidata.org/entity/Q336431,Toyohashi,Japan
http://www.wikidata.org/entity/Q10679290,Q10679290,Sweden
http://www.wikidata.org/entity/Q68744,Xiamen,People's Republic of China
http://www.wikidata.org/entity/Q578486,Taylorville,United States
http://www.wikidata.org/entity/Q2588425,Rymanów,Poland
http://www.wikidata.org/entity/Q68277,Buchs,Switzerland
http://www.wikidata.org/entity/Q22905,Q22905,United Kingdom
http://www.wikidata.org/entity/Q28180,Jefferson City,United States
http://www.wikidata.org/entity/Q5112,Adelaide,Australia
http://www.wikidata.org/entity/Q501796,Roanoke,United States
http://www.wikidata.org/entity/Q62,San Francisco,United States
http://www.wikidata.org/entity/Q11299,Manhattan,United States
http://www.wikidata.org/entity/Q577964,Champaign,United States
http://www.wikidata.org/entity/Q525508,Dewsbury,United Kingdom
http://www.wikidata.org/entity/Q185125,Hamamatsu,Japan
http://www.wikidata.org/entity/Q6596,Gorizia,Italy
http://www.wikidata.org/entity/Q10690,Cardiff,United Kingdom
http://www.wikidata.org/entity/Q71,Geneva,Switzerland
http://www.wikidata.org/entity/Q994450,Chiran,Japan
http://www.wikidata.org/entity/Q374745,Morrison,United States
http://www.wikidata.org/entity/Q8060799,Yukon,United States
http://www.wikidata.org/entity/Q936183,Tonbridge,United Kingdom
http://www.wikidata.org/entity/Q185684,Hefei,People's Republic of China
http://www.wikidata.org/entity/Q9911,Den Helder,Netherlands
http://www.wikidata.org/entity/Q2227457,Wigton,United Kingdom
http://www.wikidata.org/entity/Q1449,Genoa,Italy
http://www.wikidata.org/entity/Q10727452,Örebro Nikolai parish,Sweden
http://www.wikidata.org/entity/Q7903,Casablanca,Morocco
http://www.wikidata.org/entity/Q102217,Vitebsk,Belarus
http://www.wikidata.org/entity/Q989567,Wooster,United States
http://www.wikidata.org/entity/Q488346,Bad Kissingen,Germany
http://www.wikidata.org/entity/Q155863,Kronstadt,Russia
http://www.wikidata.org/entity/Q18700241,Takaida,Japan
http://www.wikidata.org/entity/Q39420,Sochi,Russia
http://www.wikidata.org/entity/Q574192,Greenville,United States
http://www.wikidata.org/entity/Q1490,Tokyo,Japan
http://www.wikidata.org/entity/Q1005414,Strzelno,Poland
http://www.wikidata.org/entity/Q8686,Shanghai,People's Republic of China
http://www.wikidata.org/entity/Q43199,Omaha,United States
http://www.wikidata.org/entity/Q525960,Blankenburg,Germany
http://www.wikidata.org/entity/Q36600,The Hague,Netherlands
http://www.wikidata.org/entity/Q577802,Bloomington,United States
http://www.wikidata.org/entity/Q98967,Nizhny Tagil,Russia
http://www.wikidata.org/entity/Q1013549,Canton,United States
http://www.wikidata.org/entity/Q204622,19th arrondissement of Paris,France
http://www.wikidata.org/entity/Q810847,Batley,United Kingdom
http://www.wikidata.org/entity/Q1903165,Little Falls,United States
http://www.wikidata.org/entity/Q3523886,Raipur,Pakistan
http://www.wikidata.org/entity/Q33405,Little Rock,United States
http://www.wikidata.org/entity/Q437,Ljubljana,Slovenia
http://www.wikidata.org/entity/Q192240,Northampton,United Kingdom
http://www.wikidata.org/entity/Q1296,Ghent,Belgium
http://www.wikidata.org/entity/Q495,Turin,Italy
http://www.wikidata.org/entity/Q1040,Karlsruhe,Germany
http://www.wikidata.org/entity/Q2749,Augsburg,Germany
http://www.wikidata.org/entity/Q3046,Pforzheim,Germany
http://www.wikidata.org/entity/Q3150,Jena,Germany
http://www.wikidata.org/entity/Q216,Vilnius,Lithuania
http://www.wikidata.org/entity/Q11194,Sarajevo,Bosnia and Herzegovina
http://www.wikidata.org/entity/Q70,Bern,Switzerland
http://www.wikidata.org/entity/Q3805,Amman,Jordan
http://www.wikidata.org/entity/Q18426,The Bronx,United States
http://www.wikidata.org/entity/Q984872,Petilla de Aragón,Spain
http://www.wikidata.org/entity/Q1490411,Alliston,Canada
http://www.wikidata.org/entity/Q172455,Boulogne-Billancourt,France
http://www.wikidata.org/entity/Q49241,Lexington,United States
http://www.wikidata.org/entity/Q3091189,Uddingston,United Kingdom
http://www.wikidata.org/entity/Q106681,Włocławek,Poland
http://www.wikidata.org/entity/Q1543476,Wik Castle,Sweden
http://www.wikidata.org/entity/Q622,Ludwigsburg,Germany
http://www.wikidata.org/entity/Q3883,Catanzaro,Italy
http://www.wikidata.org/entity/Q54108,Bahía Blanca,Argentina
http://www.wikidata.org/entity/Q68120,Frauenfeld,Switzerland
http://www.wikidata.org/entity/Q10562793,Linköping Cathedral Congregation,Sweden
http://www.wikidata.org/entity/Q173591,Arad,Romania
http://www.wikidata.org/entity/Q915813,Brighton Beach,United States
http://www.wikidata.org/entity/Q68129,Olten,Switzerland
http://www.wikidata.org/entity/Q7227799,Pongaroa,New Zealand
http://www.wikidata.org/entity/Q3298774,Glusburn,United Kingdom
http://www.wikidata.org/entity/Q230613,Zusamaltheim,Germany
http://www.wikidata.org/entity/Q2571993,Shanghai French Concession,Republic of China
http://www.wikidata.org/entity/Q47716,Charleston,United States
http://www.wikidata.org/entity/Q25610,Hampstead,United Kingdom
http://www.wikidata.org/entity/Q1204737,Fuchū-chō,Japan
http://www.wikidata.org/entity/Q387460,Sainte-Foy-lès-Lyon,France
http://www.wikidata.org/entity/Q132499,Höchst,Germany
http://www.wikidata.org/entity/Q3619316,Grenaa,Denmark
http://www.wikidata.org/entity/Q9393436,Złotniki,Poland
http://www.wikidata.org/entity/Q588817,Almora,India
http://www.wikidata.org/entity/Q92645,Ivanivka,Ukraine
http://www.wikidata.org/entity/Q2141,Halifax,Canada
http://www.wikidata.org/entity/Q1080911,Chabris,France
http://www.wikidata.org/entity/Q64267,Gränichen,Switzerland
http://www.wikidata.org/entity/Q622846,Helsa,Germany
http://www.wikidata.org/entity/Q16220881,Nijkerk,Netherlands
http://www.wikidata.org/entity/Q998626,Sidney,United States
http://www.wikidata.org/entity/Q7568037,South Norwalk,United States
http://www.wikidata.org/entity/Q41819,Kansas City,United States
http://www.wikidata.org/entity/Q5262,Riehen,Switzerland
http://www.wikidata.org/entity/Q10704,Tórshavn,Faroe Islands
http://www.wikidata.org/entity/Q69345,Neuchâtel,Switzerland
http://www.wikidata.org/entity/Q104096,Corteno Golgi,Italy
http://www.wikidata.org/entity/Q204317,Echternach,Luxembourg
http://www.wikidata.org/entity/Q65430768,Spring Grove,New Zealand
http://www.wikidata.org/entity/Q998842,Lansing,United States
http://www.wikidata.org/entity/Q11025,Semarang,Indonesia
http://www.wikidata.org/entity/Q39709,Des Moines,United States
http://www.wikidata.org/entity/Q1058775,Flushing,United States
http://www.wikidata.org/entity/Q990621,Hoquiam,United States
http://www.wikidata.org/entity/Q345189,Łagów,Poland
http://www.wikidata.org/entity/Q1733,Magdeburg,Germany
http://www.wikidata.org/entity/Q2079,Leipzig,Germany
http://www.wikidata.org/entity/Q2742,Münster,Germany
http://www.wikidata.org/entity/Q2765,Gelsenkirchen,Germany
http://www.wikidata.org/entity/Q3185,Hildesheim,Germany
http://www.wikidata.org/entity/Q2746,Ryazan,Russia
http://www.wikidata.org/entity/Q2861,Rostock,Germany
http://www.wikidata.org/entity/Q125163,Islington,United Kingdom
http://www.wikidata.org/entity/Q579542,Elmhurst,United States
http://www.wikidata.org/entity/Q494299,Landsberg am Lech,Germany
http://www.wikidata.org/entity/Q54132,Haverhill,United States
http://www.wikidata.org/entity/Q1087121,Orange,United States
http://www.wikidata.org/entity/Q178582,Wels,Austria
http://www.wikidata.org/entity/Q969811,Mart,United States
http://www.wikidata.org/entity/Q486450,Baden,Austria
http://www.wikidata.org/entity/Q162049,Charlottenburg,Germany
http://www.wikidata.org/entity/Q821105,York,United States
http://www.wikidata.org/entity/Q56619307,Lochfield,United Kingdom
http://www.wikidata.org/entity/Q2369169,Niegosławice,Poland
http://www.wikidata.org/entity/Q803,Utrecht,Netherlands
http://www.wikidata.org/entity/Q1570402,Stoughton,United States
http://www.wikidata.org/entity/Q2673341,Burlingame,United States
http://www.wikidata.org/entity/Q42780,Ningbo,People's Republic of China
http://www.wikidata.org/entity/Q15377091,Clausthal,Germany
http://www.wikidata.org/entity/Q131908,Hanover,United States
http://www.wikidata.org/entity/Q844130,Nagahama,Japan
http://www.wikidata.org/entity/Q3820,Beirut,Lebanon
http://www.wikidata.org/entity/Q5280058,Dippenhall,United Kingdom
http://www.wikidata.org/entity/Q815721,Nysa,Poland
http://www.wikidata.org/entity/Q11533394,Hiraoka,Japan
http://www.wikidata.org/entity/Q62266,Ålesund Municipality,Norway
http://www.wikidata.org/entity/Q49140,West Hartford,United States
http://www.wikidata.org/entity/Q2800779,Ławice,Poland
http://www.wikidata.org/entity/Q572427,Weingarten,Germany
http://www.wikidata.org/entity/Q719954,Strzelin,Poland
http://www.wikidata.org/entity/Q1715,Hanover,Germany
http://www.wikidata.org/entity/Q181276,Szolnok,Hungary
http://www.wikidata.org/entity/Q26600,Fukuoka,Japan
http://www.wikidata.org/entity/Q2627136,Falmouth,United States
http://www.wikidata.org/entity/Q1439388,Fosnavåg,Norway
http://www.wikidata.org/entity/Q203312,Uccle,Belgium
http://www.wikidata.org/entity/Q11057477,Lidingö Parish,Sweden
http://www.wikidata.org/entity/Q16559,Austin,United States
http://www.wikidata.org/entity/Q17042,Oakland,United States
http://www.wikidata.org/entity/Q956,Beijing,People's Republic of China
http://www.wikidata.org/entity/Q15523,Lake Como,Italy
http://www.wikidata.org/entity/Q206493,Sèvres,France
http://www.wikidata.org/entity/Q184775,Ipswich,United Kingdom
http://www.wikidata.org/entity/Q443840,Alton,United Kingdom
http://www.wikidata.org/entity/Q16923560,Bradbury Hospice,People's Republic of China
http://www.wikidata.org/entity/Q10484135,Engelbrekt church parish,Sweden
http://www.wikidata.org/entity/Q5041644,Carlops,United Kingdom
http://www.wikidata.org/entity/Q69647,Wollerau,Switzerland
http://www.wikidata.org/entity/Q2049231,Wayland,United States
http://www.wikidata.org/entity/Q97,Atlantic Ocean,
http://www.wikidata.org/entity/Q123766,Charlottesville,United States
http://www.wikidata.org/entity/Q10686,Belfast,United Kingdom
http://www.wikidata.org/entity/Q238723,5th arrondissement of Paris,France
http://www.wikidata.org/entity/Q850869,San Marino,United States
http://www.wikidata.org/entity/Q372281,Orsay,France
http://www.wikidata.org/entity/Q6393,Brive-la-Gaillarde,France
http://www.wikidata.org/entity/Q38555,Santa Fe,United States
http://www.wikidata.org/entity/Q259463,7th arrondissement of Paris,France
http://www.wikidata.org/entity/Q2418102,Randolph,United States
http://www.wikidata.org/entity/Q601196,Sutton on Trent,United Kingdom
http://www.wikidata.org/entity/Q993721,Germiston,South Africa
http://www.wikidata.org/entity/Q1023529,Platteville,United States
http://www.wikidata.org/entity/Q429864,Riihimäki,Finland
http://www.wikidata.org/entity/Q7003,Dijon,France
http://www.wikidata.org/entity/Q148349,Lambeth,Kingdom of England
http://www.wikidata.org/entity/Q34932,Brisbane,Australia
http://www.wikidata.org/entity/Q1533,Caracas,Venezuela
http://www.wikidata.org/entity/Q33486,Hartford,United States
http://www.wikidata.org/entity/Q3857885,Milford,United States
http://www.wikidata.org/entity/Q249022,Traralgon,Australia
http://www.wikidata.org/entity/Q46852,Iași,Romania
http://www.wikidata.org/entity/Q1133544,Bloomsburg,United States
http://www.wikidata.org/entity/Q192517,Boulder,United States
http://www.wikidata.org/entity/Q329503,Kalgoorlie,Australia
http://www.wikidata.org/entity/Q11589539,Kamiyama,Japan
http://www.wikidata.org/entity/Q2437186,Kingstree,United States
http://www.wikidata.org/entity/Q3452069,Oceanside,United States
http://www.wikidata.org/entity/Q161741,1st arrondissement of Paris,France
http://www.wikidata.org/entity/Q2310716,Ashland,United States
http://www.wikidata.org/entity/Q985279,Morecambe,United Kingdom
http://www.wikidata.org/entity/Q43475,Derby,United Kingdom
http://www.wikidata.org/entity/Q281749,Stroud,United Kingdom
http://www.wikidata.org/entity/Q650135,Neufchâteau,Belgium
http://www.wikidata.org/entity/Q21180,Silkeborg,Denmark
http://www.wikidata.org/entity/Q174224,Wilmington,United States
http://www.wikidata.org/entity/Q841802,Ainay-le-Château,France
http://www.wikidata.org/entity/Q2000875,Whiting,United States
http://www.wikidata.org/entity/Q660140,Wahoo,United States
http://www.wikidata.org/entity/Q806160,Banbury,United Kingdom
http://www.wikidata.org/entity/Q30974,Rouen,France
http://www.wikidata.org/entity/Q462985,Soignies,Belgium
http://www.wikidata.org/entity/Q10550317,Kungsholm parish,Sweden
http://www.wikidata.org/entity/Q4954548,Bradford,United States
http://www.wikidata.org/entity/Q10553938,Landskrona Parish,Sweden
http://www.wikidata.org/entity/Q750000,Newton-le-Willows,United Kingdom
http://www.wikidata.org/entity/Q26521,Halmstad,Sweden
http://www.wikidata.org/entity/Q40898,Nancy,France
http://www.wikidata.org/entity/Q931120,Wythall,United Kingdom
http://www.wikidata.org/entity/Q189043,Petrópolis,Brazil
http://www.wikidata.org/entity/Q182625,Windsor,Canada
http://www.wikidata.org/entity/Q2028,Verona,Italy
http://www.wikidata.org/entity/Q954764,Thames Ditton,United Kingdom
http://www.wikidata.org/entity/Q3776576,Clunie,United Kingdom
http://www.wikidata.org/entity/Q40191,Hobart,Australia
http://www.wikidata.org/entity/Q2671259,Hume,United States
http://www.wikidata.org/entity/Q8652,Miami,United States
http://www.wikidata.org/entity/Q18424,Queens,United States
http://www.wikidata.org/entity/Q192558,Nova Pryluka,Ukraine
http://www.wikidata.org/entity/Q79728,Auburn,United States
http://www.wikidata.org/entity/Q486877,South Bend,United States
http://www.wikidata.org/entity/Q790121,Avanca,Portugal
http://www.wikidata.org/entity/Q148349,Lambeth,United Kingdom
http://www.wikidata.org/entity/Q7685713,Tardebigge,United Kingdom
http://www.wikidata.org/entity/Q197297,17th arrondissement of Paris,France
http://www.wikidata.org/entity/Q678437,Montclair,United States
http://www.wikidata.org/entity/Q925760,Neston,United Kingdom
http://www.wikidata.org/entity/Q49145,New Haven,United States
http://www.wikidata.org/entity/Q25286,Uppsala,Sweden
http://www.wikidata.org/entity/Q34647,Johannesburg,South Africa
http://www.wikidata.org/entity/Q2307592,Owosso,United States
http://www.wikidata.org/entity/Q749196,Castlebar,Ireland
http://www.wikidata.org/entity/Q15273742,Rufford,United Kingdom
http://www.wikidata.org/entity/Q18013,Sacramento,United States
http://www.wikidata.org/entity/Q2899,Mülheim an der Ruhr,Germany
http://www.wikidata.org/entity/Q201516,Miami Beach,United States
http://www.wikidata.org/entity/Q13298,Graz,Austria
http://www.wikidata.org/entity/Q730938,Ellicott City,United States
http://www.wikidata.org/entity/Q747509,Los Gatos,United States
http://www.wikidata.org/entity/Q11083992,Shinchiku City,Empire of Japan
http://www.wikidata.org/entity/Q1664345,Needham,United States
http://www.wikidata.org/entity/Q6941166,Musgrave Harbour,Canada
http://www.wikidata.org/entity/Q8826,Palma,Spain
http://www.wikidata.org/entity/Q169943,San Mateo,United States
http://www.wikidata.org/entity/Q6259,Pavia,Italy
http://www.wikidata.org/entity/Q26087,Tromsø Municipality,Norway
http://www.wikidata.org/entity/Q56849753,Ḷḷuarca,Spain
http://www.wikidata.org/entity/Q523240,Concord,United States
http://www.wikidata.org/entity/Q61734,Schopfheim,Germany
http://www.wikidata.org/entity/Q584451,Bethesda,United States
http://www.wikidata.org/entity/Q3086417,Lakeville,United States
http://www.wikidata.org/entity/Q2078143,Ramelton,Ireland
http://www.wikidata.org/entity/Q49142,Brookline,United States
http://www.wikidata.org/entity/Q48958,Neuilly-sur-Seine,France
http://www.wikidata.org/entity/Q7233456,Possum Trot,United States
http://www.wikidata.org/entity/Q12988,Knokke-Heist,Belgium
http://www.wikidata.org/entity/Q880861,Blackheath,United Kingdom
http://www.wikidata.org/entity/Q64116,High Wycombe,United Kingdom
http://www.wikidata.org/entity/Q69961,Muralto,Switzerland
http://www.wikidata.org/entity/Q4100,Baden-Baden,Germany
http://www.wikidata.org/entity/Q10710237,Uppsala Cathedral Assembly,Sweden
http://www.wikidata.org/entity/Q178093,Poughkeepsie,United States
http://www.wikidata.org/entity/Q10712147,Valbo church parish,Sweden
http://www.wikidata.org/entity/Q54217,Norwalk,United States
http://www.wikidata.org/entity/Q81421,Königsfeld im Schwarzwald,Germany
http://www.wikidata.org/entity/Q3869,Marburg,Germany
http://www.wikidata.org/entity/Q1898623,Waterford,United States
http://www.wikidata.org/entity/Q3459309,East Northport,United States
http://www.wikidata.org/entity/Q159288,Santa Barbara,United States
http://www.wikidata.org/entity/Q486860,Mountain View,United States
