table,kind,id,col,old,new
XP,DUPLICATE,XP9990608,,Q157212,XP9990608
XP,DUPLICATE,XP8015764,,Q106699,XP8015764
XP,DUPLICATE,XP3077052,,Q102406,XP3077052
XP,DUPLICATE,XP3234302,,Q83552,XP3234302
XP,DUPLICATE,XP4151952,,Q110952,XP4151952
XP,DUPLICATE,XP6037344,,Q102379,XP6037344
XP,DUPLICATE,XP8014936,,Q122996,XP8014936
XP,DUPLICATE,XP6263809,,Q106751,XP6263809
XP,DUPLICATE,XP6194349,,Q83557,XP6194349
XP,DUPLICATE,XP8745961,,Q110963,XP8745961
XP,DUPLICATE,XP3538365,,Q102419,XP3538365
XP,DUPLICATE,XP1882072,,Q106756,XP1882072
XP,DUPLICATE,XP7100362,,Q105937,XP7100362
XP,DUPLICATE,XP2714423,,Q76623,XP2714423
XP,DUPLICATE,XP5380786,,Q115470,XP5380786
XP,DUPLICATE,XP2713912,,Q950726,XP2713912
XP,DUPLICATE,XP6771478,,Q103598,XP6771478
XP,DUPLICATE,XP2724228,,Q115448,XP2724228
XP,DUPLICATE,XP8384070,,Q76613,XP8384070
XP,DUPLICATE,XP9696448,,Q109726,XP9696448
XP,DUPLICATE,XP1953324,,Q1686435,XP1953324
XP,DUPLICATE,XP8586253,,Q104592,XP8586253
XP,DUPLICATE,XP5037248,,Q192708,XP5037248
XP,DUPLICATE,XP8695218,,Q70532,XP8695218
XP,DUPLICATE,XP4834497,,Q192703,XP4834497
XP,DUPLICATE,XP2485889,,Q71015,XP2485889
XP,DUPLICATE,XP3708666,,Q193503,XP3708666
XP,DUPLICATE,XP5201832,,Q193803,XP5201832
XP,DUPLICATE,XP8250736,,Q47480,XP8250736
XP,DUPLICATE,XP5288153,,Q130975,XP5288153
XP,DUPLICATE,XP7402632,,Q104651,XP7402632
XP,DUPLICATE,XP5432015,,Q127944,XP5432015
XP,DUPLICATE,XP9878327,,Q104668,XP9878327
XP,DUPLICATE,XP4857765,,Q153194,XP4857765
XP,DUPLICATE,XP8573003,,Q123022,XP8573003
XP,DUPLICATE,XP2176276,,Q187822,XP2176276
XP,DUPLICATE,XP8950025,,Q153178,XP8950025
XP,DUPLICATE,XP5820415,,Q123975,XP5820415
XP,DUPLICATE,XP2017722,,Q103854,XP2017722
XP,DUPLICATE,XP4342860,,Q172840,XP4342860
XP,DUPLICATE,XP1060238,,Q153201,XP1060238
XP,DUPLICATE,XP5862590,,Q234145,XP5862590
XP,DUPLICATE,XP2706408,,Q3814528,XP2706408
XP,DUPLICATE,XP7711585,,Q73093,XP7711585
XP,DUPLICATE,XP3135929,,Q205345,XP3135929
XP,DUPLICATE,XP6737056,,Q376243,XP6737056
XP,DUPLICATE,XP5655951,,Q233205,XP5655951
XP,DUPLICATE,XP5168360,,Q235184,XP5168360
XP,DUPLICATE,XP9856044,,Q7151888,XP9856044
XP,DUPLICATE,XP8672641,,Q57125,XP8672641
XP,DUPLICATE,XP6096620,,Q239067,XP6096620
XP,DUPLICATE,XP6039024,,Q233355,XP6039024
XP,DUPLICATE,XP6058687,,Q157250,XP6058687
XP,DUPLICATE,XP9360258,,Q19009,XP9360258
XP,DUPLICATE,XP5900812,,Q211482,XP5900812
XP,DUPLICATE,XP2008902,,Q295706,XP2008902
XP,DUPLICATE,XP7352179,,Q234949,XP7352179
XP,DUPLICATE,XP5694372,,Q26321,XP5694372
XP,DUPLICATE,XP8943408,,Q237160,XP8943408
XP,DUPLICATE,XP7892111,,Q273238,XP7892111
XP,DUPLICATE,XP2049917,,Q205667,XP2049917
XP,DUPLICATE,XP2096090,,Q309977,XP2096090
XP,DUPLICATE,XP4310342,,Q273201,XP4310342
XP,DUPLICATE,XP2210728,,Q273769,XP2210728
XP,DUPLICATE,XP5222049,,Q28833112,XP5222049
XP,DUPLICATE,XP8783213,,Q41585344,XP8783213
XP,DUPLICATE,XP5927090,,Q28976188,XP5927090
XP,DUPLICATE,XP6866986,,Q77160,XP6866986
XP,DUPLICATE,XP5276741,,Q77126,XP5276741
XP,DUPLICATE,XP1527921,,Q88608402,XP1527921
XP,DUPLICATE,XP7631978,,Q46928,XP7631978
XP,DUPLICATE,XP6992514,,Q76425,XP6992514
XP,DUPLICATE,XP3626756,,Q6140731,XP3626756
XP,DUPLICATE,XP3390699,,Q5341373,XP3390699
XP,DUPLICATE,XP7438000,,Q60108,XP7438000
XP,DUPLICATE,XP7507801,,Q88608397,XP7507801
XP,DUPLICATE,XP9688794,,Q35698,XP9688794
XP,DUPLICATE,XP1639693,,Q310485,XP1639693
XP,DUPLICATE,XP9212474,,Q312977,XP9212474
XP,DUPLICATE,XP3155132,,Q44597,XP3155132
XP,DUPLICATE,XP3185584,,Q312961,XP3185584
XL,DUPLICATE,XL9454442,,Q714740,XL9454442
XL,DUPLICATE,XL2113682,,Q462184,XL2113682
XL,DUPLICATE,XL6887081,,Q28848,XL6887081
XL,DUPLICATE,XL7036092,,Q173813,XL7036092
XL,DUPLICATE,XL9987575,,Q331380,XL9987575
XL,DUPLICATE,XL9658834,,Q467479,XL9658834
XL,DUPLICATE,XL9193900,,Q127856,XL9193900
XL,DUPLICATE,XL1912563,,Q84,XL1912563
XL,DUPLICATE,XL5086732,,Q24639,XL5086732
XL,DUPLICATE,XL3427522,,Q462177,XL3427522
XL,DUPLICATE,XL6877607,,Q3784243,XL6877607
XL,DUPLICATE,XL9917550,,Q107126,XL9917550
XL,DUPLICATE,XL2760229,,Q38234,XL2760229
XL,DUPLICATE,XL1813540,,Q3141,XL1813540
XL,DUPLICATE,XL8591476,,Q1088520,XL8591476
XL,DUPLICATE,XL8315750,,Q995255,XL8315750
XL,DUPLICATE,XL9513238,,Q1342,XL9513238
XL,DUPLICATE,XL1444877,,Q1247822,XL1444877
XL,DUPLICATE,XL3878065,,Q2078535,XL3878065
XL,DUPLICATE,XL3714742,,Q2201244,XL3714742
XL,DUPLICATE,XL1698761,,Q5595214,XL1698761
XL,DUPLICATE,XL7096942,,Q1799,XL7096942
XL,DUPLICATE,XL7439811,,Q756273,XL7439811
XL,DUPLICATE,XL2467498,,Q23276,XL2467498
XL,DUPLICATE,XL7174423,,Q840678,XL7174423
XL,DUPLICATE,XL9701039,,Q1327770,XL9701039
XL,DUPLICATE,XL5816901,,Q279890,XL5816901
XL,DUPLICATE,XL6835177,,Q155332,XL6835177
XL,DUPLICATE,XL6480180,,Q1891,XL6480180
XL,DUPLICATE,XL6480448,,Q1527924,XL6480448
XL,DUPLICATE,XL2792976,,Q6625,XL2792976
XL,DUPLICATE,XL8323725,,Q1310,XL8323725
XL,DUPLICATE,XL5315327,,Q2368653,XL5315327
XL,DUPLICATE,XL5064855,,Q495373,XL5064855
XL,DUPLICATE,XL7867663,,Q74195,XL7867663
XL,DUPLICATE,XL4655444,,Q334,XL4655444
XL,DUPLICATE,XL8663575,,Q43788,XL8663575
XL,DUPLICATE,XL5602950,,Q929667,XL5602950
XL,DUPLICATE,XL8022648,,Q16555,XL8022648
XL,DUPLICATE,XL6091807,,Q1720,XL6091807
XL,DUPLICATE,XL4240888,,Q1132763,XL4240888
XL,DUPLICATE,XL7080593,,Q64113,XL7080593
XL,DUPLICATE,XL6447576,,Q128114,XL6447576
XL,DUPLICATE,XL1192586,,Q1707,XL1192586
XL,DUPLICATE,XL5983567,,Q5867,XL5983567
XL,DUPLICATE,XL8358254,,Q981528,XL8358254
XL,DUPLICATE,XL8836539,,Q996544,XL8836539
XL,DUPLICATE,XL1769575,,Q489255,XL1769575
XL,DUPLICATE,XL9123047,,Q725514,XL9123047
XL,DUPLICATE,XL7143117,,Q196907,XL7143117
XL,DUPLICATE,XL5851102,,Q747444,XL5851102
XL,DUPLICATE,XL7812038,,Q6602,XL7812038
XL,DUPLICATE,XL1778407,,Q9248,XL1778407
XL,DUPLICATE,XL9402747,,Q159605,XL9402747
XL,DUPLICATE,XL4041678,,Q68744,XL4041678
XL,DUPLICATE,XL9760290,,Q71,XL9760290
XL,DUPLICATE,XL7495179,,Q936183,XL7495179
XL,DUPLICATE,XL8922075,,Q1449,XL8922075
XL,DUPLICATE,XL1080250,,Q10727452,XL1080250
XL,DUPLICATE,XL3035872,,Q989567,XL3035872
XL,DUPLICATE,XL1536346,,Q1903165,XL1536346
XL,DUPLICATE,XL3751894,,Q984872,XL3751894
XL,DUPLICATE,XL6570707,,Q622,XL6570707
XL,DUPLICATE,XL7635320,,Q998842,XL7635320
XL,DUPLICATE,XL7458793,,Q1058775,XL7458793
XL,DUPLICATE,XL7680461,,Q1733,XL7680461
XL,DUPLICATE,XL9275674,,Q486450,XL9275674
XL,DUPLICATE,XL1563363,,Q2673341,XL1563363
XL,DUPLICATE,XL8497096,,Q3820,XL8497096
XL,DUPLICATE,XL4372037,,Q815721,XL4372037
XL,DUPLICATE,XL1584016,,Q11533394,XL1584016
XL,DUPLICATE,XL6347076,,Q26600,XL6347076
XL,DUPLICATE,XL5292655,,Q206493,XL5292655
XL,DUPLICATE,XL9612320,,Q16923560,XL9612320
XL,DUPLICATE,XL6329828,,Q69647,XL6329828
XL,DUPLICATE,XL7259502,,Q1533,XL7259502
XL,DUPLICATE,XL2260875,,Q249022,XL2260875
XL,DUPLICATE,XL8572860,,Q2437186,XL8572860
XL,DUPLICATE,XL9614389,,Q660140,XL9614389
XL,DUPLICATE,XL4382652,,Q10550317,XL4382652
XL,DUPLICATE,XL5855806,,Q750000,XL5855806
XL,DUPLICATE,XL7860883,,Q192558,XL7860883
XL,DUPLICATE,XL9716803,,Q13298,XL9716803
XL,DUPLICATE,XL7870551,,Q8826,XL7870551
XL,DUPLICATE,XL9721182,,Q3086417,XL9721182
XL,DUPLICATE,XL2806714,,Q4100,XL2806714
XL,DUPLICATE,XL3254381,,Q10710237,XL3254381
XL,DUPLICATE,XL5201989,,Q54217,XL5201989
XE,DUPLICATE,XE4002641,,EV0003,XE4002641
XE,DUPLICATE,XE9680103,,EV0035,XE9680103
XE,DUPLICATE,XE8265214,,EV0042,XE8265214
XE,DUPLICATE,XE1675564,,EV0049,XE1675564
XE,DUPLICATE,XE2686180,,EV0055,XE2686180
XE,DUPLICATE,XE5817869,,EV0076,XE5817869
XE,DUPLICATE,XE6597993,,EV0086,XE6597993
XE,DUPLICATE,XE6916533,,EV0090,XE6916533
XE,DUPLICATE,XE1365505,,EV0096,XE1365505
XE,DUPLICATE,XE6838385,,EV0097,XE6838385
XE,DUPLICATE,XE7507667,,EV0098,XE7507667
XE,DUPLICATE,XE4777676,,EV0100,XE4777676
XE,DUPLICATE,XE2970446,,EV0117,XE2970446
XE,DUPLICATE,XE6537840,,EV0142,XE6537840
XE,DUPLICATE,XE1795946,,EV0148,XE1795946
XE,DUPLICATE,XE6890594,,EV0159,XE6890594
XE,DUPLICATE,XE7281651,,EV0162,XE7281651
XE,DUPLICATE,XE7085379,,EV0174,XE7085379
XE,DUPLICATE,XE5947945,,EV0178,XE5947945
XE,DUPLICATE,XE7902442,,EV0194,XE7902442
XE,DUPLICATE,XE6107934,,EV0197,XE6107934
XE,DUPLICATE,XE2679460,,EV0212,XE2679460
XE,DUPLICATE,XE2668590,,EV0224,XE2668590
XE,DUPLICATE,XE7643663,,EV0228,XE7643663
XE,DUPLICATE,XE3911370,,EV0232,XE3911370
XE,DUPLICATE,XE9954847,,EV0255,XE9954847
XE,DUPLICATE,XE3068449,,EV0257,XE3068449
XE,DUPLICATE,XE3615457,,EV0264,XE3615457
XE,DUPLICATE,XE5536712,,EV0294,XE5536712
XE,DUPLICATE,XE3970359,,EV0299,XE3970359
XE,DUPLICATE,XE7064665,,EV0302,XE7064665
XE,DUPLICATE,XE5841371,,EV0305,XE5841371
XE,DUPLICATE,XE8760833,,EV0319,XE8760833
XE,DUPLICATE,XE4677429,,EV0323,XE4677429
XE,DUPLICATE,XE1671064,,EV0324,XE1671064
XE,DUPLICATE,XE5803906,,EV0340,XE5803906
XE,DUPLICATE,XE5101309,,EV0342,XE5101309
XE,DUPLICATE,XE7604107,,EV0347,XE7604107
XE,DUPLICATE,XE8113132,,EV0350,XE8113132
XP,TYPO,Q127944,name,Arthur Holly Compton,Arthur Holly Compton
XP,MISSING,Q234949,birth_place_id,Q11299,
XP,TYPO,Q184571,name,Polykarp Kusch,Polykar pKusch
XP,MISSING,Q391237,birth_place_id,Q1297,?
XP,TYPO,Q57092,name,Johannes Stark,Johannes Sttark
XP,CONTRADICTION,XP1639693,birth_date,1920-03-15,1890-03-15
XP,MISSING,XP2096090,birth_date,1943-02-19,
XP,CONTRADICTION,Q1700920,birth_date,1943-06-22,1973-06-22
XP,MISSING,Q107420,gender,male,unknown
XP,CONTRADICTION,Q130975,birth_date,1868-03-22,1828-03-22
XP,MISSING,Q243532,birth_date,1874-01-05,?
XP,MISSING,Q110060,birth_date,1927-04-10,?
XP,MISSING,Q123022,birth_date,1905-10-23,?
XP,CONTRADICTION,Q211940,birth_date,1946-07-02,1906-07-02
XP,CONTRADICTION,Q213504,birth_date,1857-11-27,1917-11-27
XP,MISSING,Q64188,birth_place_id,Q60,unknown
XP,TYPO,Q80956,name,Svante August Arrhenius,Svante August Arhrenius
XP,TYPO,XP3135929,name,Osau Shimomura,Osa uShimomura
XP,TYPO,XP5168360,name,John E.Walker,JohnE.Walker
XP,CONTRADICTION,XP5655951,birth_date,1947-10-01,1907-10-01
XP,CONTRADICTION,Q44286,birth_date,1929-01-31,1899-01-31
XP,TYPO,Q223542,name,Allan McLeod Cormack,Allan McLeo dCormack
XP,TYPO,Q46928,name,Max Theiler,Mx Theiler
XP,MISSING,Q274128,birth_place_id,Q1327770,unknown
XP,TYPO,XP8586253,name,"Beutler, Bruce","Beutler, Brruce"
XP,CONTRADICTION,Q201853,birth_date,1931-01-20,1971-01-20
XP,CONTRADICTION,Q70532,birth_date,1922-09-09,1962-09-09
XP,TYPO,Q237142,name,Ulf von Euler,Ulf vno Euler
XP,CONTRADICTION,Q8056214,birth_date,1945-02-09,1975-02-09
XP,TYPO,Q92894,name,Geoffrey Hinton,Geofffrey Hinton
XP,CONTRADICTION,Q185777,birth_date,1873-06-28,1944-11-05
XP,CONTRADICTION,Q185777,death_date,1944-11-05,1873-06-28
XP,MISSING,Q58978,gender,male,N/A
XP,CONTRADICTION,Q82563,birth_date,1930-02-28,1970-02-28
XP,MISSING,Q184592,birth_place_id,Q9911,
XP,TYPO,Q153219,name,Albert Fert,Albert Fret
XP,MISSING,Q110073,birth_date,1895-05-12,
XP,TYPO,Q906529,name,John B. Goodenough,John B. Gooenough
XP,CONTRADICTION,Q170676,birth_date,1947-04-24,1917-04-24
XP,CONTRADICTION,Q21061207,birth_date,1935-07-12,1975-07-12
XP,TYPO,Q230652,name,Irwin Rose,IrwinRose
XP,CONTRADICTION,Q12658,birth_date,1853-09-02,1893-09-02
XP,TYPO,Q295678,name,Arthur Kornberg,Arthur Kornebrg
XP,TYPO,Q190503,name,Arthur Leonard Schawlow,Arthu Leonard Schawlow
XP,CONTRADICTION,Q76373,birth_date,1930-05-10,1970-05-10
XP,TYPO,Q193550,name,Frank Macfarlane Burnet,Frank aMcfarlane Burnet
XP,CONTRADICTION,Q295706,birth_date,1928-10-30,1999-11-16
XP,CONTRADICTION,Q295706,death_date,1999-11-16,1928-10-30
XP,MISSING,Q107402,gender,female,
XP,TYPO,Q180468,name,Albert Szent-Györgyi,Albert Szeent-Györgyi
XP,CONTRADICTION,Q9123,birth_date,1871-08-30,1841-08-30
XP,CONTRADICTION,Q245000,birth_date,1885-12-02,1925-12-02
XP,MISSING,Q192712,birth_date,1918-04-20,unknown
XP,TYPO,Q208670,name,Robin Warren,Robi nWarren
XP,CONTRADICTION,Q208670,birth_date,1937-06-11,1997-06-11
XP,TYPO,Q186497,name,Willis Lamb,Willlis Lamb
XP,CONTRADICTION,Q155375,birth_date,1886-09-26,1946-09-26
XP,MISSING,Q105572,birth_date,1968-01-11,
XP,MISSING,Q75847,birth_place_id,Q2765,
XP,TYPO,Q310485,name,E. Donnall Thomas,E. Donnal lThomas
XP,MISSING,XP2706408,birth_date,1962-10-06,unknown
XP,TYPO,Q107423,name,Ben Roy Mottelson,Ben Ry Mottelson
XP,TYPO,Q6832227,name,Michael Levitt,Michae lLevitt
XP,CONTRADICTION,Q271424,birth_date,1940-04-18,1910-04-18
XP,CONTRADICTION,Q133846,birth_date,1892-05-03,1932-05-03
XP,CONTRADICTION,Q106471,birth_date,1931-08-15,2015-10-09
XP,CONTRADICTION,Q106471,death_date,2015-10-09,1931-08-15
XP,TYPO,XP7631978,name,"Theiler, Max","Theiler,Max"
XP,MISSING,Q189741,gender,male,
XP,TYPO,Q141147,name,Andrew Schally,Andrew Schally
XP,TYPO,XP9360258,name,Edwin McMilllan,Edwin MMcMilllan
XP,TYPO,XP1060238,name,John Robert Schriieffer,John Robert Schirieffer
XP,CONTRADICTION,Q232302,birth_date,1937-12-31,1907-12-31
XP,TYPO,Q104607,name,Andrew Huxley,Andrew Hxuley
XP,MISSING,Q73058,birth_date,1924-08-19,?
XP,MISSING,Q78481,birth_date,1865-04-01,
XP,TYPO,Q179852,name,Leo Esaki,Loe Esaki
XP,TYPO,Q150526,name,Santiago Ramón y Cajal,Snatiago Ramón y Cajal
XP,MISSING,Q104668,birth_place_id,Q649,
XP,CONTRADICTION,Q57072,birth_date,1888-02-17,1848-02-17
XP,TYPO,Q108576,name,Daniel Carleton Gajdusek,Daniell Carleton Gajdusek
XP,CONTRADICTION,Q310131,birth_date,1915-06-15,2008-08-23
XP,CONTRADICTION,Q310131,death_date,2008-08-23,1915-06-15
XP,TYPO,Q17502433,name,Shimon Sakaguchi,Shimon Sakaguhci
XP,CONTRADICTION,Q298707,birth_date,1879-10-05,1939-10-05
XP,MISSING,Q156492,birth_date,1911-06-25,?
XP,TYPO,XP5201832,name,"Penrose, Roger","Penrrose, Roger"
XP,MISSING,XP6866986,gender,male,N/A
XP,TYPO,Q115448,name,Daniel Bovet,Daniel  Bovet
XP,CONTRADICTION,Q190486,birth_date,1908-12-17,1980-09-08
XP,CONTRADICTION,Q190486,death_date,1980-09-08,1908-12-17
XP,CONTRADICTION,Q5237001,birth_date,1968-03-16,2008-03-16
XP,TYPO,Q556543,name,Gérard Mourou,GérardMourou
XP,TYPO,Q49351,name,Robert Robinson,Robert Robbinson
XP,MISSING,Q192112,birth_place_id,Q1425428,
XP,CONTRADICTION,Q88608397,birth_date,1955-01-17,1925-01-17
XP,TYPO,Q15900993,name,Barry C. Barish,Barry C.  Barish
XP,CONTRADICTION,Q206405,birth_date,1945-08-01,1915-08-01
XP,TYPO,Q134085,name,Jean-Baptiste Perrin,Jean-Baptiste Perirn
XP,CONTRADICTION,Q22669757,birth_date,1952-08-25,2012-08-25
XP,TYPO,Q1297741,name,Michael Rosbash,Michael RRosbash
XP,CONTRADICTION,Q708472,birth_date,1922-09-02,1892-09-02
XP,TYPO,Q271703,name,Alfred Hershey,Aflred Hershey
XP,MISSING,Q110930,birth_date,1933-08-23,N/A
XP,CONTRADICTION,Q218823,birth_date,1925-05-23,1885-05-23
XP,CONTRADICTION,Q57100,birth_date,1906-06-28,1866-06-28
XP,CONTRADICTION,Q76970,birth_date,1904-07-28,1874-07-28
XP,MISSING,Q115495,birth_place_id,Q64267,?
XP,CONTRADICTION,Q271421,birth_date,1924-06-03,1894-06-03
XP,CONTRADICTION,Q110957,birth_date,1938-10-04,1898-10-04
XP,TYPO,Q232299,name,Stanley Cohen,Staanley Cohen
XP,CONTRADICTION,XP6263809,birth_date,1936-01-22,1896-01-22
XP,CONTRADICTION,Q200470,birth_date,1952-02-01,2016-08-24
XP,CONTRADICTION,Q200470,death_date,2016-08-24,1952-02-01
XP,CONTRADICTION,Q295696,birth_date,1916-01-10,1946-01-10
XP,TYPO,Q629583,name,Sheldon Cooper,Sheldon Coooper
XP,MISSING,Q223309,birth_date,1902-05-08,unknown
XP,CONTRADICTION,Q192688,birth_date,1929-04-05,1969-04-05
XP,CONTRADICTION,Q172254,birth_date,1845-05-15,1815-05-15
XP,MISSING,Q102406,birth_date,1912-05-22,
XP,CONTRADICTION,Q231402,birth_date,1910-02-09,1976-05-31
XP,CONTRADICTION,Q231402,death_date,1976-05-31,1910-02-09
XP,TYPO,Q169577,name,Ernest Lawrence,Ernest LLawrence
XP,TYPO,Q310487,name,George H. Hitchings,George H. Hicthings
XP,MISSING,Q202136,birth_date,1951-09-30,unknown
XL,TYPO,Q127506,name,Taunton,Tanton
XL,MISSING,XL9402747,country,Italy,N/A
XL,TYPO,XL3254381,name,UPPSALA CATHEDRAL ASSEMBLY,UPPSALA CATEDRAL ASSEMBLY
XL,CONTRADICTION,Q16220881,country,Netherlands,New Zealand
XL,TYPO,Q572427,name,Weingarten,Weingaretn
XL,TYPO,XL7174423,country,United States,United Sattes
XL,MISSING,Q1004614,country,Turkey,unknown
XL,CONTRADICTION,Q2078535,country,United Kingdom,Jordan
XL,MISSING,Q336431,country,Japan,?
XL,CONTRADICTION,Q69956,country,Switzerland,Venezuela
XL,CONTRADICTION,XL3714742,country,Canada,Switzerland
XL,TYPO,Q26087,name,Tromsø Municipality,Trosø Municipality
XL,MISSING,Q26087,country,Norway,unknown
XL,MISSING,Q4100,country,Germany,?
XL,TYPO,Q1186680,name,Monessen,Mnoessen
XL,TYPO,Q999123,name,Huntington,Huntignton
XL,CONTRADICTION,Q1930,country,Canada,Turkey
XL,TYPO,Q719954,country,Poland,Pland
XL,TYPO,Q182625,country,Canada,Caanda
XL,MISSING,XL7812038,country,France,?
XL,TYPO,Q9125,country,Switzerland,Swiitzerland
XL,TYPO,XL9612320,name,"Bradbury Hospice, People's Republic of China","Bradbury Hospice, People's Republic of  China"
XL,MISSING,Q3955,country,Germany,unknown
XL,MISSING,Q16557,country,United States,unknown
XL,TYPO,XL9513238,country,United States,United Sttates
XL,MISSING,Q340,country,Canada,
XL,MISSING,Q72,country,Switzerland,?
XL,TYPO,Q246884,country,United Kingdom,United  Kingdom
XL,TYPO,Q54217,country,United States,Unite States
XL,CONTRADICTION,Q850869,country,United States,Brazil
XL,MISSING,Q2307592,country,United States,
XL,TYPO,Q6393,country,France,Farnce
XL,TYPO,XL4240888,country,United States,United Sttes
XL,TYPO,XL5292655,country,France,Farnce
XL,TYPO,Q281749,country,United Kingdom,United Kngdom
XL,TYPO,Q159605,name,Tivoli,Tivli
XL,MISSING,Q11194,country,Bosnia and Herzegovina,?
XL,TYPO,Q208262,country,United Kingdom,Unite Kingdom
XL,TYPO,Q83065,name,Leicester,Leiceester
XL,MISSING,Q623594,country,Ukraine,unknown
XL,MISSING,Q1733,country,Germany,?
XL,TYPO,Q2216430,country,United Kingdom,United Kingom
XL,MISSING,Q2861,country,Germany,N/A
XL,TYPO,Q43631,name,Leiden,Leden
XL,MISSING,Q1781,country,Hungary,unknown
XL,CONTRADICTION,Q755604,country,United States,Soviet Union
XL,TYPO,XL9917550,country,United States,Unietd States
XL,MISSING,Q495,country,Italy,N/A
XL,MISSING,Q11739,country,Pakistan,
XL,MISSING,Q874300,country,United Kingdom,
XL,MISSING,Q159288,country,United States,
XL,TYPO,Q60,country,United States,Unite dStates
XL,TYPO,Q54755,name,Ängelholm,Ängelhoolm
XL,TYPO,Q1012031,country,United Kingdom,Unitted Kingdom
XL,MISSING,Q159469,country,France,unknown
XL,MISSING,Q5092,country,United States,?
XL,TYPO,Q1088317,name,Salem,Slaem
XL,TYPO,Q270887,name,Lethbridge,Ltehbridge
XL,MISSING,Q128114,country,United States,N/A
XL,MISSING,Q3926,country,South Africa,N/A
XL,CONTRADICTION,Q1684577,country,Austria,Kingdom of England
XL,MISSING,Q220090,country,Germany,?
XL,TYPO,Q2103,country,Germany,Germaany
XL,TYPO,Q16248343,name,Terling Place,TerlingPlace
XL,MISSING,Q16552,country,United States,?
XL,MISSING,Q79815,country,France,
XL,MISSING,Q192265,country,Romania,N/A
XL,TYPO,Q56037,name,East Berlin,East BBerlin
XL,MISSING,Q745038,country,Netherlands,?
XL,TYPO,Q43475,name,Derby,Deby
XL,MISSING,Q43475,country,United Kingdom,
XL,MISSING,Q1025790,country,United Kingdom,
XL,CONTRADICTION,Q1223916,country,New Zealand,Czech Republic
XL,MISSING,Q676689,country,United Kingdom,unknown
XL,TYPO,Q24197253,name,Glencorse,Glencosre
XL,MISSING,Q24197253,country,United Kingdom,?
XL,MISSING,Q859413,country,United States,?
XL,MISSING,Q2833,country,Germany,?
XL,TYPO,Q826561,name,Halifax,Halfax
XL,MISSING,Q826561,country,United Kingdom,
XL,TYPO,Q16553,country,United States,United tSates
XL,TYPO,Q39420,name,Sochi,Scohi
XL,TYPO,Q990990,name,Raton,Raaton
XL,TYPO,Q990990,country,United States,Unnited States
XL,CONTRADICTION,Q1599139,country,Sweden,Ireland
XL,TYPO,Q2121249,country,United Kingdom,United Kindom
XL,TYPO,XL6887081,country,United States,Uniited States
XL,MISSING,XL8315750,country,United States,?
XL,TYPO,Q138391,country,United States,United tates
XL,TYPO,Q1297,name,Chicago,Chiicago
XL,TYPO,Q1026616,name,Jhang,Jhng
XL,MISSING,Q49140,country,United States,
XL,TYPO,Q192558,country,Ukraine,Urkaine
XL,MISSING,Q505417,country,United States,
XL,MISSING,Q41262,country,United Kingdom,N/A
XL,CONTRADICTION,Q1005414,country,Poland,Germany
XL,TYPO,XL7036092,name,"Stanford, United States","Stanford, United tates"
XL,MISSING,Q656,country,Russia,unknown
XL,CONTRADICTION,Q2028,country,Italy,Republic of China
XL,TYPO,Q69961,country,Switzerland,Switzerlnd
XL,TYPO,XL1584016,name,Hiraaoka,Hiraaaoka
XL,TYPO,Q78,name,Basel,Baasel
XL,TYPO,Q1013549,name,Canton,Caton
XL,TYPO,Q727,name,Amsterdam,Amsterrdam
XL,TYPO,Q155863,country,Russia,Russsia
XL,CONTRADICTION,Q1355,country,India,Jamaica
XL,TYPO,Q67745,name,Tenero-Contra,TeneroC-ontra
XL,TYPO,XL2113682,country,United States,Unietd States
XL,TYPO,Q68120,country,Switzerland,Switzelrand
XL,TYPO,Q748474,name,Corvallis,Corvalils
XL,TYPO,Q2227457,country,United Kingdom,United Knigdom
XL,TYPO,Q8652,country,United States,United  States
XL,TYPO,Q42780,country,People's Republic of China,Poeple's Republic of China
XL,MISSING,Q41621,country,Israel,unknown
XL,MISSING,Q1527924,country,Germany,unknown
XL,MISSING,XL6570707,country,Germany,
XL,TYPO,Q1490411,name,Alliston,Allisston
XL,TYPO,Q8686,country,People's Republic of China,Peopl'es Republic of China
XL,TYPO,Q47265,name,Palo Alto,Plo Alto
XL,CONTRADICTION,Q13298,country,Austria,Manchukuo
XL,TYPO,XL7080593,country,Switzerland,Swiitzerland
XL,TYPO,Q994450,country,Japan,Jaan
XL,TYPO,Q1247822,country,United Kingdom,United Kindom
XL,MISSING,Q217346,country,United States,unknown
XL,TYPO,Q3667188,name,Cherbourg,Chrebourg
XL,TYPO,Q3667188,country,France,Frace
XL,MISSING,XL7867663,country,United States,unknown
XL,TYPO,Q1327770,country,United Kingdom,Uinted Kingdom
XL,TYPO,Q2746,country,Russia,Rssia
XL,MISSING,Q24639,country,Canada,N/A
XL,TYPO,Q192517,country,United States,United Staates
XL,TYPO,Q40191,name,Hobart,Hoobart
XL,TYPO,Q62266,country,Norway,Noray
XL,MISSING,Q807063,country,People's Republic of China,unknown
XE,CONTRADICTION,EV0254,year,1994,1995
XE,CONTRADICTION,EV0206,year,1978,1977
XE,CONTRADICTION,EV0099,place_id,Q1754,Q585
XE,CONTRADICTION,EV0157,place_id,Q1754,Q585
XE,CONTRADICTION,EV0318,place_id,Q1754,Q585
XE,CONTRADICTION,EV0268,year,1999,1997
XE,CONTRADICTION,EV0202,place_id,Q1754,Q585
XE,CONTRADICTION,EV0281,year,2003,2006
XE,CONTRADICTION,EV0322,year,2017,2016
XE,CONTRADICTION,EV0139,year,1956,1955
XE,CONTRADICTION,EV0154,place_id,Q1754,Q585
XE,CONTRADICTION,XE1795946,place_id,Q1754,Q585
XE,CONTRADICTION,EV0170,year,1966,1967
XE,CONTRADICTION,EV0259,year,1996,1995
XE,CONTRADICTION,EV0335,place_id,Q1754,Q585
XE,CONTRADICTION,EV0024,place_id,Q1754,Q585
XE,CONTRADICTION,EV0093,year,1937,1936
XE,CONTRADICTION,EV0046,year,1919,1920
XE,CONTRADICTION,EV0176,year,1968,1967
XE,CONTRADICTION,EV0296,place_id,Q1754,Q585
XE,CONTRADICTION,EV0008,year,1903,1902
XE,CONTRADICTION,EV0329,year,2019,2022
XE,CONTRADICTION,EV0153,year,1960,1959
XE,CONTRADICTION,EV0258,place_id,Q1754,Q585
XE,CONTRADICTION,EV0168,place_id,Q1754,Q585
XE,CONTRADICTION,EV0161,place_id,Q1754,Q585
XE,CONTRADICTION,EV0230,year,1986,1987
XE,CONTRADICTION,EV0041,year,1915,1913
XE,CONTRADICTION,EV0186,place_id,Q1754,Q585
XE,CONTRADICTION,EV0306,year,2011,2012
XE,CONTRADICTION,EV0029,year,1910,1908
XE,CONTRADICTION,EV0215,place_id,Q1754,Q585
XE,CONTRADICTION,EV0304,place_id,Q1754,Q585
XE,CONTRADICTION,EV0142,year,1957,1960
XE,CONTRADICTION,EV0107,year,1945,1944
XE,CONTRADICTION,EV0203,year,1977,1975
XE,CONTRADICTION,EV0019,year,1907,1910
XE,CONTRADICTION,EV0290,year,2006,2005
XE,CONTRADICTION,EV0250,place_id,Q1754,Q585
XE,CONTRADICTION,XE6890594,year,1962,1961
XE,CONTRADICTION,EV0348,year,2025,2028
XR,CONTRADICTION,Q104104,year,2010,2011
XR,CONTRADICTION,Q127234,year,1907,1909
XR,CONTRADICTION,Q131729,year,1915,1916
XR,CONTRADICTION,Q133747,year,1915,1917
XR,CONTRADICTION,Q134085,year,1926,1928
XR,CONTRADICTION,Q192712,year,1981,1980
XR,CONTRADICTION,Q206405,year,1996,1998
XR,CONTRADICTION,Q57092,year,1919,1921
XR,CONTRADICTION,Q1886068,year,2015,2016
XR,CONTRADICTION,Q232289,year,1993,1994
XR,CONTRADICTION,Q232302,year,2004,2003
XR,CONTRADICTION,Q4273363,year,2018,2019
XR,CONTRADICTION,Q48956,year,1953,1954
XR,CONTRADICTION,Q48979,year,1952,1951
XR,CONTRADICTION,Q5327,year,1939,1940
XR,CONTRADICTION,Q7487,year,1964,1966
XR,CONTRADICTION,Q76602,year,1971,1972
XR,CONTRADICTION,Q123280,year,1962,1961
XR,CONTRADICTION,Q150526,year,1906,1907
XR,CONTRADICTION,Q155375,year,1922,1921
XR,CONTRADICTION,Q155529,year,2000,1999
XR,CONTRADICTION,Q77072,year,1915,1914
XR,CONTRADICTION,Q78483,year,1938,1940
XR,CONTRADICTION,Q80910,year,2012,2013
XR,CONTRADICTION,Q235651,year,1950,1951
XR,CONTRADICTION,Q273223,year,1963,1965
XR,CONTRADICTION,Q102419,year,1969,1968
XR,CONTRADICTION,Q110957,year,2002,2004
XR,CONTRADICTION,Q157239,year,1945,1944
XR,CONTRADICTION,Q73058,year,2009,2008
XR,CONTRADICTION,Q76687,year,1987,1989
XR,CONTRADICTION,Q310487,year,1988,1987
XR,CONTRADICTION,Q504021,year,2024,2025
XR,CONTRADICTION,Q6796222,year,2014,2016
XR,MISSING,XP3390699,spouse,Q6796222,
XR,MISSING,Q133747,child,Q131729,
XR,MISSING,Q7085,child,XP2017722,
XR,MISSING,Q295696,child,Q170342,
XR,BROKEN_REF,Q271766,dst,EV0189,Q92708227
XR,BROKEN_REF,Q107402,dst,EV0204,Q95417337
XR,BROKEN_REF,Q186391,dst,EV0062,Q94220154
XR,BROKEN_REF,Q2075967,dst,EV0330,Q97739991
XR,BROKEN_REF,Q215574,dst,XE5536712,Q96278257
XR,BROKEN_REF,Q157239,dst,EV0107,Q94615776
XR,BROKEN_REF,Q48973,dst,EV0124,Q97182584
XR,BROKEN_REF,Q102822,dst,EV0000,Q91052522
XR,BROKEN_REF,Q190501,dst,EV0103,Q91157902
XR,BROKEN_REF,XP2724228,dst,EV0144,Q91498014
XR,BROKEN_REF,Q78510,dst,EV0265,Q94067342
XR,BROKEN_REF,Q104582,dst,EV0032,Q98036116
XR,BROKEN_REF,Q28189,dst,EV0209,Q91429631
XP,BROKEN_REF,Q78481,birth_place_id,Q1741,Q94226576
XP,BROKEN_REF,Q237142,birth_place_id,Q1754,Q98874177
XP,BROKEN_REF,Q150630,birth_place_id,Q104096,Q96469171
XP,BROKEN_REF,XP6096620,birth_place_id,Q340,Q91252421
XP,BROKEN_REF,Q20942818,birth_place_id,Q456550,Q98927450
XP,BROKEN_REF,XP8586253,birth_place_id,Q1297,Q94626910
XP,BROKEN_REF,Q110925,birth_place_id,Q1345,Q99247188
XP,BROKEN_REF,Q71015,birth_place_id,Q1794,Q98671663
XP,BROKEN_REF,Q309885,birth_place_id,Q79728,Q93743408
XP,BROKEN_REF,Q60429,birth_place_id,Q207754,Q91699722
XP,BROKEN_REF,Q211482,birth_place_id,Q995255,Q98895032
XP,BROKEN_REF,Q60031,birth_place_id,Q5092,Q97170447
XP,BROKEN_REF,Q108880,birth_place_id,Q47716,Q92386088
XP,BROKEN_REF,Q92894,birth_place_id,Q736742,Q94719205
XP,BROKEN_REF,Q106471,birth_place_id,Q49158,Q97942454
