place_id,name,country
Q8826,Palma,Spain
Q7685713,Tardebigge,United Kingdom
Q2247076,Barger-Compascuum,Netherlands
XL3751894,Petilla de ragón,Spain
XL7096942,"Wrocław, Poland",Poland
Q54179,Methuen,United States
Q127506,Tanton,United States
XL9402747,Tivooli,N/A
Q30974,Rouen,France
Q204622,19th arrondissement of Paris,France
XL3254381,UPPSALA CATEDRAL ASSEMBLY,Sweden
Q1924088,Messelhausen,Germany
Q2765,Gelsenkirchen,Germany
Q21180,Silkeborg,Denmark
XL7458793,FLUSHING,United States
Q34932,Brisbane,Australia
Q2496370,Walkerton,United States
Q931120,Wythall,United Kingdom
Q127856,Beverly Hills,United States
XL6877607,"Llangarron, United Kingdom",United Kingdom
Q482657,Logan,United States
Q52903,Środa Wielkopolska,Poland
Q213224,Menen,Belgium
Q998626,Sidney,United States
Q4093,Glasgow,United Kingdom
Q3699290,Harborne,United Kingdom
Q181276,Szolnok,Hungary
Q16220881,Nijkerk,New Zealand
Q350,Cambridge,United Kingdom
Q1779942,Berne,United States
Q34217,Oxford,United Kingdom
Q429864,Riihimäki,Finland
Q5280058,Dippenhall,United Kingdom
Q3805,Amman,Jordan
Q9393436,Złotniki,Poland
Q97,Atlantic Ocean,
Q572427,Weingaretn,Germany
Q6582,Carcassonne,France
Q2141,Halifax,Canada
Q56849753,Ḷḷuarca,Spain
Q502632,Lemvig,Denmark
Q11083992,Shinchiku City,Empire of Japan
Q259463,7th arrondissement of Paris,France
XL7174423,"Redondo Beach, United States",United Sattes
Q762133,Louveciennes,France
Q1004614,Savur district,unknown
Q2078535,Chorley,Jordan
Q336431,Toyohashi,?
Q2247131,Bollington,United Kingdom
Q628,Bergamo,Italy
Q10553938,Landskrona Parish,Sweden
Q37836,Milwaukee,United States
Q375905,Deerfield,United States
Q49218,Rochester,United States
Q69956,Mammern,Venezuela
Q993721,Germiston,South Africa
Q16558,Fort Worth,United States
XL3714742,"Neudorf, Canada",Switzerland
Q5867,Vukovar,Croatia
Q26087,Trosø Municipality,unknown
Q821105,York,United States
Q2605064,Rendcomb,United Kingdom
XL5201989,NORWALK,United States
Q184163,Colchester,United Kingdom
Q24826,Liverpool,United Kingdom
Q1570402,Stoughton,United States
XL7143117,"Usman, Russia",Russia
Q4100,Baden-Baden,?
Q3348,3rd arrondissement of Lyon,France
Q1006865,Wauwatosa,United States
Q1489,Mexico City,Mexico
Q1186680,Mnoessen,United States
Q1891,Bologna,Italy
Q2364887,Sancellemoz,France
Q1088520,Cresskill,United States
Q999123,Huntignton,United States
XL8022648,"Houston, United States",United States
Q399976,Palm Desert,United States
Q3776576,Clunie,United Kingdom
Q3046,Pforzheim,Germany
Q3183,Perth,Australia
Q1930,Ottawa,Turkey
Q489255,Sioux City,United States
Q2627136,Falmouth,United States
Q3012,Ulm,Germany
Q10484135,Engelbrekt church parish,Sweden
Q10727452,Örebro Nikolai parish,Sweden
Q68277,Buchs,Switzerland
Q22990,Rosheim,France
Q622,Ludwigsburg,Germany
Q3857885,Milford,United States
Q1088201,Barnegat Township,United States
Q719954,Strzelin,Pland
Q470594,Amherst,Canada
Q2673341,Burlingame,United States
Q26421,Dordrecht,Netherlands
Q1908426,Bearsden,United Kingdom
Q10710237,Uppsala Cathedral Assembly,Sweden
Q3091189,Uddingston,United Kingdom
XL8323725,"Arnhem, Netherlands",Netherlands
XL1778407,"Baku, Azerbaijan",Azerbaijan
Q1425428,Newcastle upon Tyne,United Kingdom
Q574192,Greenville,United States
Q10602808,Norrköping Saint Olof parish,Sweden
Q182625,Windsor,Caanda
XL7812038,STRASBOURG,?
Q288,Tours,France
XL4655444,SINGAPORE,Singapore
Q1449,Genoa,Italy
Q9125,Winterthur,Swiitzerland
XL9612320,"Bradbury Hospice, People's Republic of  China",People's Republic of China
Q495373,Visalia,United States
Q10562793,Linköping Cathedral Congregation,Sweden
XL4372037,NYSA,Poland
Q3955,Weimar,unknown
Q16557,Dallas,unknown
Q189602,Missoula,United States
XL1444877,BURNHAM-ON-SEA,United Kingdom
Q65,Los Angeles,United States
Q831279,Weidenau,Germany
Q187153,14th arrondissement of Paris,France
Q579542,Elmhurst,United States
Q165131,Bad Muskau,Germany
XL9513238,Ptitsburgh,United Sttates
Q1543476,Wik Castle,Sweden
Q810847,Batley,United Kingdom
Q954764,Thames Ditton,United Kingdom
Q1754,Stockholm,Sweden
Q340,Montreal,
Q2321706,Kingston upon Thames,United Kingdom
Q2310716,Ashland,United States
Q1022741,Widnes,United Kingdom
Q2368653,Merriman,United States
Q2059003,Bourne End,United Kingdom
Q72,Zurich,?
Q46852,Iași,Romania
XL6347076,FUKUOKA,Japan
Q33935,Tel Aviv,Israel
Q329503,Kalgoorlie,Australia
Q16555,Houston,United States
Q163132,Akron,United States
Q648,Lille,France
Q898484,Branford,United States
Q246884,Lewes,United  Kingdom
Q1058775,Flushing,United States
Q1757,Helsinki,Finland
XL7259502,CARACAS,Venezuela
Q36405,Aberdeen,United Kingdom
Q7568037,South Norwalk,United States
Q328153,Damanhur,Egypt
Q54217,Norwalk,Unite States
Q850869,San Marino,Brazil
Q25287,Gothenburg,Sweden
Q2307592,Owosso,
Q49158,Springfield,United States
Q1310,Arnhem,Netherlands
Q966965,Glendale,United States
Q925760,Neston,United Kingdom
XL4041678,XIAMEN,People's Republic of China
Q104096,Corteno Golgi,Italy
Q133116,Hamilton,Canada
Q2671259,Hume,United States
Q6393,Brive-la-Gaillarde,Farnce
Q462184,Urbana,United States
Q47716,Charleston,United States
XL6447576,Yonnkers,United States
Q3572,Tunis,Tunisia
Q584451,Bethesda,United States
Q1087121,Orange,United States
Q270,Warsaw,Poland
XL1698761,"Grand Valley, United States",United States
Q1486,Buenos Aires,Argentina
Q1001891,Saco,United States
Q700211,Steglitz,Germany
Q23197,Nashville,United States
Q577964,Champaign,United States
Q2749,Augsburg,Germany
XL5816901,GERMANTOWN,United States
Q601196,Sutton on Trent,United Kingdom
Q64113,Aarberg,Switzerland
Q678437,Montclair,United States
Q131491,Brighton,United Kingdom
Q437,Ljubljana,Slovenia
XL4240888,"Drexel Hill, United States",United Sttes
Q990621,Hoquiam,United States
Q79728,Auburn,United States
Q1439388,Fosnavåg,Norway
Q996569,El Cerrito,United States
Q653510,Suita,Japan
XL6091807,MAINZ,Germany
XL2806714,"Baden-Baden, Germany",Germany
Q49111,Cambridge,United States
Q578486,Taylorville,United States
Q106681,Włocławek,Poland
Q467338,Bandol,France
Q274120,Niagara Falls,Canada
XL5292655,"Sèvres, France",Farnce
Q21711493,Christiania,Norway
Q169134,Nara,Japan
Q281749,Stroud,United Kngdom
Q159605,Tivli,Italy
Q892805,Bonnevoie,Luxembourg
Q1087523,Rumson,United States
Q1799,Wrocław,Poland
Q1023529,Platteville,United States
Q515907,Freihung,Germany
Q11194,Sarajevo,?
XL8591476,CRESSKILL,United States
Q649,Moscow,Russia
XL2792976,Aegn,France
Q43199,Omaha,United States
Q1218,Jerusalem,Israel
Q730938,Ellicott City,United States
Q49142,Brookline,United States
Q7473516,Tokyo,Japan
Q2742,Münster,Germany
Q85,Cairo,Egypt
Q18125,Manchester,United Kingdom
Q208262,Eastbourne,Unite Kingdom
Q185684,Hefei,People's Republic of China
Q11253,Lower Manhattan,United States
Q3185,Hildesheim,Germany
Q985279,Morecambe,United Kingdom
Q5083,Seattle,United States
Q84,London,United Kingdom
Q16554,Denver,United States
Q889888,Bodmin,United Kingdom
XL9275674,Baedn,Austria
Q9365159,Freta Street,Poland
Q172157,Winchester,United Kingdom
Q83065,Leiceester,United Kingdom
Q135744,Galveston,United States
Q220,Rome,Italy
Q16045,Jülich,Germany
Q485172,Ann Arbor,United States
XL1912563,Loondon,United Kingdom
Q623594,Zolochiv,unknown
Q34600,Kyoto,Japan
XL3878065,CHORLEY,United Kingdom
Q18419,Brooklyn,United States
Q823907,Higashimatsuyama,Japan
Q1733,Magdeburg,?
Q173591,Arad,Romania
Q18383,Providence,United States
Q18013,Sacramento,United States
Q6596,Gorizia,Italy
Q2216430,Fulmer,United Kingom
XL4382652,Kungshlm parish,Sweden
Q15273742,Rufford,United Kingdom
Q169943,San Mateo,United States
Q1748,Copenhagen,Denmark
Q2861,Rostock,N/A
Q43631,Leden,Netherlands
Q841802,Ainay-le-Château,France
XL7495179,"Tonbridge, United Kingdom",United Kingdom
Q1781,Budapest,unknown
Q755604,Randallstown,Soviet Union
Q37320,Cleveland,United States
Q650135,Neufchâteau,Belgium
Q39709,Des Moines,United States
Q17634713,manoir de Pen Castel,France
Q984872,Petilla de Aragón,Spain
Q49192,Middletown,United States
Q793432,Azabu,Japan
XL9917550,ARLINGTON COUNTY,Unietd States
Q10550317,Kungsholm parish,Sweden
Q239,Brussels,Belgium
XL8358254,ALICE,United States
Q495,Turin,N/A
Q10704,Tórshavn,Faroe Islands
Q485176,Pasadena,United States
Q33405,Little Rock,United States
Q2432500,Ishpeming,United States
Q3086417,Lakeville,United States
Q16559,Austin,United States
XL7635320,LANSING,United States
Q11739,Lahore,
Q725514,Ashiya,Japan
Q874300,Winchester,
Q927189,Duarte,United States
Q174224,Wilmington,United States
Q69647,Wollerau,Switzerland
Q1075656,Bilthoven,Netherlands
Q64116,High Wycombe,United Kingdom
Q491350,Orange,United States
Q7903,Casablanca,Morocco
Q138518,Princeton,United States
Q2437186,Kingstree,United States
Q125163,Islington,United Kingdom
Q2807,Madrid,Spain
XL5983567,"Vukovar, Croatia",Croatia
XL5086732,Vancouevr,Canada
XL9123047,ASHIYA,Japan
Q159288,Santa Barbara,
Q3360,7th arrondissement of Lyon,France
XL1813540,"Melbourne, Australia",Australia
Q3141,Melbourne,Australia
Q49190,Waltham,United States
Q998842,Lansing,United States
Q989567,Wooster,United States
Q60,New York City,Unite dStates
Q62,San Francisco,United States
Q189043,Petrópolis,Brazil
Q4165,Bad Homburg vor der Höhe,Germany
Q1813037,Lehe,Germany
Q54755,Ängelhoolm,Sweden
Q996556,Wickenburg,United States
Q13521877,Mukawa,Japan
XL2467498,Surrrey,United Kingdom
Q1012031,Wisbech,Unitted Kingdom
Q15695,Salamanca,Spain
Q3869,Marburg,Germany
Q159469,Albertville,unknown
Q203312,Uccle,Belgium
Q9248,Baku,Azerbaijan
Q71,Geneva,Switzerland
Q15377091,Clausthal,Germany
Q5092,Baltimore,?
Q747172,Woods Hole,United States
Q803,Utrecht,Netherlands
Q3784243,Llangarron,United Kingdom
Q238723,5th arrondissement of Paris,France
Q4120832,Königsberg,Soviet Union
Q1088317,Slaem,United States
Q2251258,Porto Maurizio,Italy
Q9911,Den Helder,Netherlands
Q2299008,Solln,Germany
Q2079,Leipzig,Germany
Q204317,Echternach,Luxembourg
Q185125,Hamamatsu,Japan
Q10686,Belfast,United Kingdom
Q753603,Fallston,United States
Q9005,Brussels metropolitan area,Belgium
Q270887,Ltehbridge,Canada
Q1741,Vienna,Austria
Q959443,Chesterfield,United States
Q249022,Traralgon,Australia
Q1794,Frankfurt,Germany
Q5332,Saratov,Russia
Q588817,Almora,India
Q2899,Mülheim an der Ruhr,Germany
XL6480448,"Lorenzkirch, Germany",Germany
Q15523,Lake Como,Italy
Q936183,Tonbridge,United Kingdom
Q104302,Chorzów,Poland
Q128114,Yonkers,N/A
Q3926,Pretoria,N/A
Q194420,16th arrondissement of Paris,France
Q16520,Busan,South Korea
Q1684577,Schloss Waldstein,Kingdom of England
Q5041644,Carlops,United Kingdom
Q37043,Tallahassee,United States
Q1898623,Waterford,United States
Q220090,Grünwald,?
Q2103,Bochum,Germaany
Q2078143,Ramelton,Ireland
Q818311,Rexburg,United States
Q18406045,Novaya Chigla,Russia
Q1664345,Needham,United States
Q192240,Northampton,United Kingdom
Q3130,Sydney,Australia
Q206493,Sèvres,France
Q74195,Menlo Park,United States
XL8922075,"Genoa, Italy",Italy
Q16248343,TerlingPlace,United Kingdom
Q747509,Los Gatos,United States
Q756273,Karcag,Hungary
Q65430768,Spring Grove,New Zealand
Q16552,San Diego,?
Q11299,Manhattan,United States
Q1309,Maastricht,Netherlands
Q755507,Atherton,Australia
Q456550,Tienen,Belgium
Q79815,Mulhouse,
Q3145207,Saint-Antoine Hospital,France
Q192265,Focșani,N/A
Q462985,Soignies,Belgium
Q56037,East BBerlin,East Germany
Q915813,Brighton Beach,United States
Q745038,Waalwijk,?
Q43475,Deby,
Q996544,Northfield,United States
Q8060799,Yukon,United States
Q18700241,Takaida,Japan
Q2805012,Ridgeville,United States
Q102217,Vitebsk,Belarus
Q840678,Redondo Beach,United States
Q56036,West Berlin,West Germany
Q1025790,Fowey,
Q171224,Eugene,United States
Q1223916,Masterton,Czech Republic
Q3852,Worms,Germany
Q10712147,Valbo church parish,Sweden
Q676689,Gravesend,unknown
Q1085,Prague,Czech Republic
Q48958,Neuilly-sur-Seine,France
Q18426,The Bronx,United States
Q170377,Blackpool,United Kingdom
Q182208,Neuenkirchen,Germany
Q38555,Santa Fe,United States
Q1132763,Drexel Hill,United States
Q2169282,UCLA Ronald Reagan Medical Center,United States
Q986183,Delaware,United States
Q1902634,Zonnemaire,Netherlands
XL1563363,Burrlingame,United States
Q38234,Nagasaki,Japan
Q131908,Hanover,United States
Q54145,Medford,United States
Q36600,The Hague,Netherlands
XL9721182,LAKEVILLE,United States
XL5602950,LEXINGTON,United States
Q68129,Olten,Switzerland
Q3883,Catanzaro,Italy
Q1773,Riga,Latvia
Q1672375,Bar Harbor,United States
Q132499,Höchst,Germany
Q24197253,Glencosre,?
Q40435,Buffalo,United States
Q859413,Big Sur,?
Q2833,Freiburg im Breisgau,?
XL7680461,Magdebburg,Germany
Q826561,Halfax,
Q16553,San Jose,United tSates
Q3963,Fulda,Germany
Q2429670,Canton,United States
Q6346,Indianapolis,United States
Q90,Paris,France
Q956,Beijing,People's Republic of China
Q183557,Dieppe,France
Q39420,Scohi,Russia
Q1375477,Annandale,United States
Q2201244,Neudorf,Canada
XL2760229,"Nagasaki, Japan",Japan
Q3150,Jena,Germany
Q486577,Lennep,Germany
Q64,Berlin,Germany
Q990990,Raaton,Unnited States
XL1769575,Sioux CCity,United States
Q26793,Bergen,Norway
Q1780,Bratislava,Slovakia
Q43788,Madison,United States
XL3035872,WOOSTER,United States
Q331397,Oak Park,United States
XL8836539,Norrthfield,United States
Q2571993,Shanghai French Concession,Republic of China
Q2916809,Sde Nahum,Israel
Q2043291,Ilmington,United Kingdom
Q6259,Pavia,Italy
Q2369169,Niegosławice,Poland
Q1379757,Rye,United States
Q747444,Pleasanton,United States
Q1599139,Mölle,Ireland
Q750000,Newton-le-Willows,United Kingdom
Q2121249,Stainforth,United Kindom
Q2349502,Mineola,United States
Q1345,Philadelphia,United States
Q81421,Königsfeld im Schwarzwald,Germany
Q38283,Yokohama,Japan
Q64267,Gränichen,Switzerland
Q10612973,Hedvig Eleonora and Oscar Parish,Sweden
Q752255,Juvisy-sur-Orge,France
Q1204737,Fuchū-chō,Japan
Q486868,Pomona,United States
XL6887081,SAINT PAUL,Uniited States
Q2593038,Parusnoye,Russia
Q663035,Lincoln,United States
Q691679,Želva,Lithuania
Q1751297,Koblenz-Pfaffendorf,Germany
Q486860,Mountain View,United States
Q331380,Schenectady,United States
Q175129,13th arrondissement of Paris,France
Q1087516,Rockleigh,United States
Q2678982,Nethen,Belgium
Q1707,Kiel,Germany
XL8315750,Burlinggton,?
Q26600,Fukuoka,Japan
Q43453,Plzeň,Czech Republic
Q807,Lausanne,Switzerland
Q54108,Bahía Blanca,Argentina
Q2167,Lund,Sweden
Q5112,Adelaide,Australia
Q92237,Hsinking,Manchukuo
Q123766,Charlottesville,United States
Q28180,Jefferson City,United States
Q10466522,Danderyd,Sweden
Q578314,Sterling,United States
Q2000875,Whiting,United States
Q5245991,Oslo Municipality,Norway
Q385060,Camberwell,United Kingdom
Q204266,Toyama,Japan
Q23436,Edinburgh,United Kingdom
Q6602,Strasbourg,France
Q12988,Knokke-Heist,Belgium
Q216,Vilnius,Lithuania
Q138391,Paterson,United tates
Q166481,West Lafayette,United States
Q806160,Banbury,United Kingdom
Q1533,Caracas,Venezuela
Q44756,Catamarca Province,Argentina
Q1297,Chiicago,United States
Q680984,Bellshill,United Kingdom
Q4074,Euskirchen,Germany
XL8572860,Kingsrtee,United States
XL5851102,Plesanton,United States
Q18575,Tucson,United States
Q98967,Nizhny Tagil,Russia
Q284803,Lafayette,United States
Q25319,Aarhus,Denmark
Q695511,College Station,United States
Q205765,Dubrovytsia,Ukraine
Q1040,Karlsruhe,Germany
Q368241,Medicine Hat,Canada
Q995255,Burlington,United States
Q1026616,Jhng,Pakistan
Q1715,Hanover,Germany
Q18094,Honolulu,United States
Q49140,West Hartford,
Q279890,Germantown,United States
Q25610,Hampstead,United Kingdom
XL9987575,Schenecttady,United States
Q192558,Nova Pryluka,Urkaine
Q505417,Wakulla County,
Q3820,Beirut,Lebanon
Q41262,Nottingham,N/A
Q844130,Nagahama,Japan
Q322714,Castillon-du-Gard,France
Q1005414,Strzelno,Germany
XL7036092,"Stanford, United tates",United States
Q560850,Großbothen,Germany
Q2418102,Randolph,United States
Q25286,Uppsala,Sweden
Q23154,Bristol,United Kingdom
Q656,Saint Petersburg,unknown
Q501796,Roanoke,United States
Q969811,Mart,United States
Q192859,Etterbeek,Belgium
Q525508,Dewsbury,United Kingdom
Q14808,Oranienburg,Germany
Q2028,Verona,Republic of China
Q69961,Muralto,Switzerlnd
Q10519481,"Helga Trefaldighet parish, Uppsala diocese",Sweden
Q34647,Johannesburg,South Africa
XL1584016,Hiraaaoka,Japan
Q197297,17th arrondissement of Paris,France
XL7439811,KARCAG,Hungary
Q374745,Morrison,United States
Q16923560,Bradbury Hospice,People's Republic of China
Q78,Baasel,Switzerland
Q11533394,Hiraoka,Japan
Q107126,Arlington County,United States
Q38022,St. Louis,United States
XL9716803,GRAZ,Austria
Q11589539,Kamiyama,Japan
XL9658834,"Toyonaka, Japan",Japan
XL5315327,Merrimman,United States
XL2260875,Trarlgon,Australia
Q622846,Helsa,Germany
XL6329828,"Wollerau, Switzerland",Switzerland
Q201516,Miami Beach,United States
Q680963,Mór,Hungary
Q462177,White Plains,United States
Q11057477,Lidingö Parish,Sweden
Q1055,Hamburg,Germany
Q484678,Berkeley,United States
Q54134,Newburyport,United States
Q54132,Haverhill,United States
Q488346,Bad Kissingen,Germany
Q207754,Tiruchirappalli,India
Q1013549,Caton,United States
Q486450,Baden,Austria
Q880861,Blackheath,United Kingdom
XL8663575,Maddison,United States
Q727,Amsterrdam,Netherlands
Q11751,Nagoya,Japan
Q3355306,Fukuchiyama,Japan
Q178582,Wels,Austria
XL5855806,NEWTON-LE-WILLOWS,United Kingdom
Q268873,Newport Beach,United States
Q155863,Kronstadt,Russsia
XL9701039,Tdmorden,United Kingdom
Q1355,Bengaluru,Jamaica
Q324912,Wąbrzeźno,Poland
Q2800779,Ławice,Poland
Q345189,Łagów,Poland
Q525960,Blankenburg,Germany
Q334,Singapore,Singapore
Q172455,Boulogne-Billancourt,France
Q148349,Lambeth,Kingdom of England
Q981528,Alice,United States
Q1144518,Great Barrington,United States
Q40898,Nancy,France
Q6941166,Musgrave Harbour,Canada
Q2049231,Wayland,United States
Q233808,Aberdeen,United States
Q7880,Toulouse,France
Q714740,Churchill College,United Kingdom
Q736742,Wimbledon,United Kingdom
Q67745,TeneroC-ontra,Switzerland
Q7244808,Princess Royal University Hospital,United Kingdom
XL7860883,"Nova Pryluka, Ukraine",Ukraine
Q18424,Queens,United States
Q365,Cologne,Germany
XL9760290,Gneeva,Switzerland
Q548384,Twin Falls,United States
Q26521,Halmstad,Sweden
XL9614389,"Wahoo, United States",United States
Q49145,New Haven,United States
Q467479,Toyonaka,Japan
Q155332,Chidambaram,India
Q43421,Richmond,United States
Q161741,1st arrondissement of Paris,France
XL2113682,"Urbana, United States",Unietd States
XL1192586,"Kiel, Germany",Germany
Q7003,Dijon,France
Q7962713,Wallace,Canada
Q6625,Agen,France
Q486877,South Bend,United States
Q3248527,Hastings-on-Hudson,United States
XL1080250,"Örebro Nikolai parish, Sweden",Sweden
Q597,Lisbon,Portugal
Q230613,Zusamaltheim,Germany
Q130191,Norwich,United Kingdom
Q68120,Frauenfeld,Switzelrand
Q11503891,Shinritsu,Japan
Q2028342,Lenoir,United States
Q748474,Corvalils,United States
Q3452069,Oceanside,United States
Q3298774,Glusburn,United Kingdom
XL9454442,CHURCHILL COLLEGE,United Kingdom
Q660140,Wahoo,United States
Q2227457,Wigton,United Knigdom
Q749,Groningen,Netherlands
Q8652,Miami,United  States
Q1206399,Ikata,Japan
Q577802,Bloomington,United States
Q1726,Munich,Germany
Q3033,Göttingen,Germany
Q42780,Ningbo,Poeple's Republic of China
Q2966,Heidelberg,Germany
Q92645,Ivanivka,Ukraine
XL3427522,WhitePlains,United States
Q69345,Neuchâtel,Switzerland
XL9193900,"Beverly Hills, United States",United States
Q1342,Pittsburgh,United States
Q1903165,Little Falls,United States
Q1080911,Chabris,France
Q28848,Saint Paul,United States
Q187346,Constantine,Algeria
Q929667,Lexington,United States
Q204234,Milton Keynes,United Kingdom
Q41621,Haifa,unknown
Q2999,Würzburg,Germany
Q1817504,Great Missenden,United Kingdom
Q1527924,Lorenzkirch,unknown
Q5262,Riehen,Switzerland
Q523240,Concord,United States
XL6570707,"Ludwigsburg, Germany",
Q26404733,Langford Grove,United Kingdom
Q3459309,East Northport,United States
Q61734,Schopfheim,Germany
Q1490411,Allisston,Canada
Q10690,Cardiff,United Kingdom
Q43195,Aigle,Switzerland
Q586,Bonn,Germany
Q8686,Shanghai,Peopl'es Republic of China
Q2015708,Cheetham Hill,United Kingdom
Q443840,Alton,United Kingdom
Q372281,Orsay,France
Q7227799,Pongaroa,New Zealand
Q70,Bern,Switzerland
Q39984,Cannes,France
Q47265,Plo Alto,United States
Q585,Oslo,Norway
Q602783,Ocho Rios,Jamaica
Q13298,Graz,Manchukuo
Q7233456,Possum Trot,United States
Q790121,Avanca,Portugal
Q628354,Fleurier,Switzerland
Q6106,Portland,United States
XL7080593,Aaberg,Swiitzerland
Q56619307,Lochfield,United Kingdom
Q49196,Newton,United States
Q62460,Far Rockaway,United States
XL6835177,Chidambaarm,India
Q749196,Castlebar,Ireland
Q33421377,Amersfoort,Netherlands
Q2588425,Rymanów,Poland
Q840668,La Jolla,United States
Q5595214,Grand Valley,United States
Q994450,Chiran,Jaan
Q1720,Mainz,Germany
Q1247822,Burnham-on-Sea,United Kindom
Q173813,Stanford,United States
Q494299,Landsberg am Lech,Germany
Q217346,Ithaca,unknown
XL6480180,Bolgona,Italy
Q932261,Sydney,Canada
XL7870551,"Palma, Spain",Spain
Q387460,Sainte-Foy-lès-Lyon,France
Q594920,Chester,United States
Q178093,Poughkeepsie,United States
Q1515281,Council,United States
Q582689,Barnt Green,United Kingdom
Q100,Boston,United States
XL8497096,BEIRUT,Lebanon
Q1461,Manila,Philippines
Q1296,Ghent,Belgium
Q162049,Charlottenburg,Germany
Q674469,Del Mar,United States
Q1133544,Bloomsburg,United States
Q4954548,Bradford,United States
Q17344907,Professor Zeemanstraat 15,Netherlands
Q3667188,Chrebourg,Frace
Q68744,Xiamen,People's Republic of China
XL7867663,"Menlo Park, United States",unknown
Q3056724,Syosset,United States
Q61936,Starnberg,Germany
Q4077,Görlitz,Germany
Q3619316,Grenaa,Denmark
Q23276,Surrey,United Kingdom
Q41819,Kansas City,United States
Q17042,Oakland,United States
Q49241,Lexington,United States
Q835831,Mount Vernon,United States
Q427559,Coral Gables,United States
Q29303,Canterbury,United Kingdom
Q504114,Guelph,Canada
Q1022,Stuttgart,Germany
Q588,Katowice,Poland
Q1327770,Todmorden,Uinted Kingdom
Q2135,Winnipeg,Canada
XL5064855,"Visalia, United States",United States
Q253119,Traunstein,Germany
Q3523886,Raipur,Pakistan
Q9920,Haarlem,Netherlands
Q671812,Chapel Hill,United States
Q25732,Örebro,Sweden
Q2746,Ryazan,Rssia
Q959,Vladivostok,Russia
Q1490,Tokyo,Japan
Q24639,Vancouver,N/A
Q61,"Washington, D.C.",United States
XL1536346,LITTLE FALLS,United States
Q184775,Ipswich,United Kingdom
Q196907,Usman,Russia
Q34370,Rotterdam,Netherlands
Q192517,Boulder,United Staates
Q815721,Nysa,Poland
Q2090795,Abbeyside,Ireland
Q39121,Leeds,United Kingdom
Q23443,Provo,United States
Q40191,Hoobart,Australia
Q745594,Wilkes-Barre,United States
Q33486,Hartford,United States
Q11025,Semarang,Indonesia
Q62266,Ålesund Municipality,Noray
Q807063,Baofeng County,unknown
Q209814,Guebwiller,France
