src,rel,dst,year
Q1002250,received,EV0320,2016
Q103854,received,EV0197,1975
Q104104,received,XE7064665,2011
Q104651,received,EV0290,2006
XP9878327,received,EV0281,2003
Q104779,received,EV0224,1984
Q106454,received,XE5841371,2011
Q106494,received,EV0302,2010
Q106949,received,XE5841371,2011
Q107407,received,EV0284,2004
Q107416,received,EV0257,1995
Q107419,received,EV0239,1989
Q107420,received,EV0209,1979
Q107423,received,EV0197,1975
Q107450,received,EV0284,2004
Q109588,received,EV0308,2012
Q11443689,received,EV0314,2014
Q11538917,received,EV0317,2015
Q122298,received,EV0233,1987
Q123022,received,EV0128,1952
Q123026,received,XE1675564,1920
Q123029,received,EV0230,1986
Q1235614,received,EV0335,2021
Q123975,received,EV0329,2019
Q124013,received,EV0329,2019
Q127234,received,EV0019,1909
XP5432015,received,EV0066,1927
Q130113,received,EV0155,1961
XP5288153,received,EV0056,1923
Q131721,received,EV0028,1910
Q131729,received,XE8265214,1916
Q133222,received,EV0093,1937
Q133232,received,EV0022,1908
Q133267,received,EV0158,1962
Q133747,received,EV0042,1917
Q133846,received,EV0093,1937
Q134085,received,EV0063,1928
Q1365270,received,EV0338,2022
Q148109,received,EV0221,1983
Q153178,received,EV0248,1992
XP4857765,received,EV0114,1947
Q153201,received,EV0188,1972
Q153210,received,EV0236,1988
Q153219,received,EV0293,2007
Q155759,received,EV0146,1958
Q155773,received,EV0278,2002
Q155781,received,EV0182,1970
Q155786,received,EV0185,1971
Q155790,received,EV0161,1963
Q155794,received,EV0173,1967
Q156286,received,EV0251,1993
Q15900993,received,EV0323,2017
Q160518,received,EV0033,1912
Q160522,received,EV0043,1917
Q162900,received,EV0066,1927
Q163415,received,EV0140,1956
Q16389,received,XE3970359,2009
Q165969,received,EV0105,1944
Q1673706,received,EV0314,2014
Q169330,received,EV0069,1928
Q169366,received,EV0090,1936
Q169577,received,EV0099,1939
Q1700920,received,EV0320,2016
Q170741,received,EV0058,1924
Q171034,received,EV0206,1978
Q172118,received,EV0111,1946
Q172466,received,EV0263,1997
XP4342860,received,EV0179,1969
Q172844,received,EV0206,1978
Q172877,received,EV0206,1978
Q173028,received,EV0149,1959
Q175519,received,EV0278,2002
Q178103,received,EV0122,1950
Q178344,received,EV0176,1968
Q179282,received,EV0209,1979
Q179572,received,EV0290,2006
Q179852,received,EV0191,1973
Q181363,received,EV0191,1973
Q181369,received,EV0143,1957
Q182031,received,EV0272,2000
Q183270,received,EV0128,1952
Q183279,received,EV0272,2000
Q183631,received,EV0125,1951
Q183655,received,EV0149,1959
Q183679,received,EV0143,1957
Q184499,received,XE2970446,1948
Q184563,received,EV0167,1965
Q184566,received,EV0164,1964
Q184571,received,EV0137,1955
Q184577,received,EV0140,1956
Q184592,received,EV0269,1999
Q186465,received,EV0167,1965
Q186481,received,EV0278,2002
Q186497,received,EV0137,1955
Q187199,received,EV0224,1984
Q187224,received,EV0245,1991
Q187822,received,EV0242,1990
Q188120,received,EV0296,2008
Q188128,received,EV0281,2003
Q188293,received,EV0131,1953
Q189485,received,EV0203,1977
Q189741,received,EV0236,1988
Q189987,received,EV0215,1981
Q189990,received,XE7902442,1974
Q189997,received,EV0266,1998
Q190495,received,EV0242,1990
Q190503,received,EV0215,1981
Q190697,received,EV0263,1997
Q190745,received,EV0197,1975
Q190756,received,EV0263,1997
Q190766,received,XE7902442,1974
Q190770,received,EV0203,1977
Q191922,received,EV0257,1995
Q192106,received,EV0200,1976
Q192112,received,EV0311,2013
Q192685,received,EV0251,1993
Q192688,received,EV0191,1973
Q192689,received,EV0254,1994
Q192695,received,EV0236,1988
Q192703,received,EV0146,1958
Q192708,received,EV0260,1996
Q192712,received,EV0215,1980
Q192715,received,EV0200,1976
Q192718,received,EV0281,2003
Q193496,received,XE2679460,1980
Q193503,received,EV0218,1982
Q193655,received,EV0203,1977
Q193803,received,EV0332,2020
Q201452,received,XE5841371,2011
Q201470,received,EV0242,1990
Q201506,received,EV0254,1994
Q201853,received,EV0260,1996
Q202138,received,EV0266,1998
Q202149,received,EV0269,1999
Q202164,received,EV0296,2008
Q202168,received,EV0296,2008
Q205954,received,EV0275,2001
Q206379,received,EV0275,2001
Q206390,received,EV0287,2005
Q206405,received,EV0260,1998
Q206499,received,EV0212,1980
Q2128461,received,EV0323,2017
Q28189,received,Q91429631,1979
Q323320,received,XE4677429,2017
Q35149,received,EV0001,1901
Q36488,received,EV0025,1909
Q364997,received,EV0338,2022
Q3675789,received,EV0335,2021
Q391237,received,EV0344,2024
Q39246,received,EV0167,1965
Q40262,received,EV0284,2004
Q40904,received,EV0080,1932
Q41269,received,EV0007,1903
Q41688,received,EV0004,1902
Q44286,received,EV0155,1961
Q46120,received,EV0221,1983
Q47285,received,EV0016,1906
XP8250736,received,EV0082,1933
Q493956,received,EV0332,2020
Q54945,received,EV0182,1970
Q556543,received,EV0326,2018
Q565544,received,EV0341,2023
Q56855591,received,EV0326,2018
Q57020342,received,EV0341,2023
Q57063,received,EV0013,1905
Q57066,received,EV0061,1925
Q57067,received,EV0039,1914
Q57068,received,EV0030,1911
Q57070,received,EV0061,1925
Q57072,received,EV0102,1943
Q57077,received,EV0025,1909
Q57092,received,EV0046,1921
Q57100,received,EV0161,1963
Q57120,received,EV0293,2007
Q57227,received,EV0239,1989
Q58978,received,EV0134,1954
Q60429,received,EV0075,1930
Q61045,received,EV0308,2012
Q62891,received,EV0036,1913
Q62897,received,EV0125,1951
Q64188,received,EV0287,2005
Q65807,received,EV0332,2020
Q65989,received,EV0108,1945
XP8695218,received,EV0239,1989
Q708472,received,EV0326,2018
Q7085,received,EV0053,1922
Q71013,received,EV0287,2005
Q71015,received,EV0266,1998
Q71016,received,EV0272,2000
Q71022,received,EV0230,1986
Q71023,received,EV0170,1966
Q71024,received,EV0227,1985
Q710597,received,EV0317,2015
Q726394,received,EV0320,2016
Q157250,received,EV0259,1996
Q157701,received,EV0148,1959
Q1678456,received,EV0322,2017
Q1687170,received,EV0262,1997
Q170676,received,EV0289,2006
Q17280087,received,EV0331,2020
Q176351,received,EV0193,1974
Q179777,received,EV0084,1934
Q183509,received,EV0202,1977
Q184286,received,EV0079,1932
Q186391,received,Q94220154,1926
Q1886068,received,EV0316,2016
Q189465,received,EV0038,1914
Q189803,received,EV0071,1929
XP9360258,received,EV0124,1951
Q19045,received,EV0256,1995
Q190486,received,EV0151,1960
Q190626,received,EV0217,1982
Q192603,received,EV0253,1994
Q194646,received,EV0340,2023
Q200470,received,EV0295,2008
Q202140,received,EV0286,2005
Q202146,received,EV0286,2005
Q202159,received,EV0286,2005
Q204600,received,EV0092,1937
XP3135929,received,EV0295,2008
Q207992,received,EV0205,1978
Q211482,received,EV0280,2003
Q217486,received,EV0211,1980
Q217734,received,EV0214,1981
Q224153,received,EV0223,1984
Q230652,received,EV0283,2004
Q232289,received,EV0250,1994
Q232295,received,EV0157,1962
Q232302,received,EV0283,2003
Q232316,received,EV0166,1965
Q233026,received,EV0116,1948
XP5655951,received,EV0283,2004
Q233355,received,EV0169,1966
Q233973,received,EV0265,1998
Q233985,received,EV0181,1970
Q234145,received,EV0160,1963
XP5168360,received,EV0262,1997
Q235834,received,EV0172,1967
Q235983,received,EV0220,1983
Q237825,received,EV0229,1986
XP6096620,received,EV0247,1992
Q243190,received,EV0229,1986
Q243196,received,EV0229,1986
Q244998,received,EV0232,1987
Q273279,received,EV0214,1981
Q274128,received,EV0190,1973
Q285062,received,EV0328,2019
Q28833112,received,EV0322,2017
Q3022141,received,EV0343,2024
Q3169751,received,XE8760833,2016
Q3259614,received,EV0319,2016
Q33128,received,EV0136,1955
XP6737056,received,XE8760833,2016
Q3814528,received,EV0343,2024
XP8783213,received,EV0322,2017
Q4273363,received,EV0325,2019
Q43917,received,EV0018,1907
Q44111,received,EV0304,2011
Q44594,received,EV0190,1973
Q4701206,received,EV0328,2019
Q4790366,received,EV0310,2013
Q48956,received,EV0130,1954
Q48973,received,Q97182584,1951
Q48977,received,EV0127,1952
Q48979,received,EV0127,1951
Q48983,received,EV0133,1954
Q48986,received,EV0139,1956
Q48990,received,EV0139,1956
Q49347,received,EV0154,1961
Q49351,received,EV0113,1947
Q5237001,received,EV0334,2021
Q5327,received,XE7507667,1940
Q56068,received,EV0331,2020
Q56868017,received,EV0325,2018
Q57065,received,EV0104,1944
Q57075,received,EV0044,1918
Q57078,received,EV0012,1905
Q57125,received,EV0048,1920
Q57127,received,EV0027,1910
Q60061,received,EV0298,2009
Q60066,received,EV0292,2007
Q6832227,received,EV0310,2013
Q6914509,received,EV0337,2022
Q70554,received,EV0003,1902
XP9856044,received,EV0316,2015
XP7711585,received,EV0092,1937
Q7426,received,EV0298,2009
Q7442,received,EV0337,2022
Q7487,received,EV0163,1966
Q7504,received,XE6597993,1935
Q76595,received,EV0121,1950
Q76600,received,EV0172,1967
Q76602,received,EV0184,1972
Q102034,received,EV0005,1902
Q103598,received,EV0297,2008
Q103844,received,EV0297,2008
Q104592,received,EV0306,2011
Q104600,received,EV0300,2009
Q104607,received,XE7281651,1963
Q104913,received,EV0303,2010
Q105494,received,EV0306,2011
Q105605,received,EV0306,2011
Q105830,received,EV0201,1976
Q106547,received,EV0282,2003
Q107402,received,Q95417337,1977
Q107462,received,EV0177,1968
Q107609,received,EV0073,1929
Q108576,received,EV0201,1976
Q108602,received,EV0234,1987
Q108880,received,EV0267,1998
Q108891,received,EV0177,1968
Q108896,received,EV0207,1978
Q109553,received,EV0198,1975
XP9696448,received,EV0249,1992
Q109731,received,EV0249,1992
Q110060,received,EV0177,1968
Q110101,received,EV0123,1950
Q110106,received,EV0183,1970
Q110974,received,EV0237,1988
XP2724228,received,Q91498014,1957
XP5380786,received,EV0120,1949
Q115475,received,EV0118,1948
Q115478,received,EV0026,1909
Q115490,received,EV0123,1950
Q115495,received,EV0207,1978
Q116064,received,EV0261,1996
Q1174906,received,EV0336,2021
Q123280,received,EV0159,1961
Q1297741,received,EV0324,2017
Q137106,received,EV0109,1945
Q141147,received,EV0204,1977
Q150526,received,EV0017,1907
Q150630,received,EV0017,1906
Q152187,received,EV0050,1920
Q152760,received,EV0213,1980
Q153890,received,EV0192,1973
Q1545025,received,EV0330,2019
Q155371,received,EV0171,1966
Q155375,received,EV0054,1921
Q155380,received,XE3615457,1997
Q155525,received,EV0225,1984
Q155529,received,EV0273,1999
Q156480,received,EV0138,1955
Q156482,received,XE6838385,1938
Q1603351,received,EV0330,2019
XP1953324,received,EV0324,2017
Q1701279,received,EV0315,2014
Q170342,received,EV0339,2022
Q172254,received,EV0023,1908
Q177681,received,EV0083,1933
Q180350,received,EV0057,1923
Q180468,received,EV0094,1937
Q182964,received,EV0008,1903
Q184659,received,EV0159,1962
Q185007,received,EV0231,1986
Q185777,received,EV0034,1912
Q189006,received,EV0020,1907
Q189488,received,EV0059,1924
Q190501,received,Q91157902,1943
Q76604,received,EV0074,1930
Q76606,received,EV0077,1931
Q76610,received,EV0065,1927
Q76612,received,EV0235,1988
XP8384070,received,EV0071,1929
Q76614,received,EV0077,1931
Q76616,received,EV0121,1950
XP2714423,received,EV0235,1988
Q76624,received,EV0160,1963
Q76951,received,EV0101,1943
Q77072,received,EV0041,1914
Q77086,received,EV0235,1988
Q77142,received,EV0068,1928
Q77171,received,EV0208,1979
Q78480,received,EV0157,1962
Q78481,received,EV0060,1925
Q78482,received,EV0055,1923
Q78483,received,EV0095,1940
Q78510,received,Q94067342,1998
Q80907,received,EV0307,2012
Q80910,received,EV0307,2013
Q80956,received,EV0006,1903
Q83501,received,EV0196,1975
Q89620738,received,EV0343,2024
Q903471,received,EV0310,2013
Q906529,received,EV0328,2019
Q9123,received,EV0021,1908
Q950726,received,EV0009,1904
Q23073819,received,EV0346,2025
Q743252,received,EV0346,2025
Q11401680,received,EV0346,2025
Q24284511,received,EV0349,2026
Q192282,received,EV0243,1990
Q192651,received,EV0031,1911
Q1927895,received,EV0333,2020
Q1929672,received,XE1671064,2017
Q193550,received,EV0153,1960
Q193650,received,XE7281651,1963
Q199654,received,EV0222,1983
Q200136,received,EV0285,2004
Q202136,received,EV0288,2005
Q202152,received,EV0291,2006
Q204733,received,EV0115,1947
Q205667,received,EV0180,1969
Q206455,received,EV0291,2006
Q2075967,received,Q97739991,2019
Q207719,received,EV0294,2007
Q208670,received,EV0288,2005
Q21061207,received,EV0318,2015
Q21061212,received,EV0318,2015
Q211787,received,EV0047,1919
Q211940,received,EV0285,2004
Q213504,received,EV0081,1932
Q214209,received,EV0153,1960
Q214851,received,EV0037,1913
Q215574,received,Q96278257,2007
Q216318,received,EV0294,2007
Q216324,received,EV0064,1926
Q217722,received,EV0174,1967
Q218311,received,EV0168,1965
Q218823,received,EV0147,1958
Q219716,received,EV0276,2001
Q219718,received,EV0195,1974
Q223309,received,EV0168,1965
Q223542,received,EV0210,1979
Q22669757,received,EV0333,2020
Q230612,received,EV0103,1943
Q231292,received,EV0081,1932
Q231402,received,EV0168,1965
Q232024,received,EV0057,1923
Q232299,received,EV0231,1986
Q232305,received,EV0216,1981
Q232308,received,EV0129,1952
Q233943,received,EV0195,1974
Q233957,received,EV0150,1959
Q233965,received,EV0070,1928
Q233976,received,EV0073,1929
Q234463,received,EV0279,2002
Q234590,received,EV0195,1974
Q234701,received,EV0213,1980
Q234949,received,EV0198,1975
Q235651,received,EV0123,1951
Q237142,received,EV0183,1970
Q237160,received,EV0115,1947
Q237499,received,EV0147,1958
Q238716,received,EV0156,1961
Q238739,received,EV0147,1958
Q2395341,received,EV0327,2018
Q242169,received,EV0204,1977
Q243532,received,EV0106,1944
Q243536,received,EV0198,1975
Q243601,received,EV0282,2003
Q245000,received,EV0085,1934
Q26321,received,EV0300,2009
Q26322,received,EV0300,2009
Q271421,received,EV0216,1981
Q271424,received,EV0228,1985
Q271532,received,EV0279,2002
Q271703,received,EV0180,1969
Q271757,received,EV0141,1956
Q271766,received,Q92708227,1972
XP4310342,received,EV0106,1944
Q273219,received,EV0120,1949
Q273223,received,EV0162,1965
XP7892111,received,EV0085,1934
Q273769,received,EV0210,1979
Q274123,received,EV0258,1995
Q295644,received,EV0216,1981
Q295659,received,EV0279,2002
Q295666,received,EV0213,1980
Q295678,received,EV0150,1959
Q295684,received,XE7643663,1985
Q295691,received,EV0240,1989
Q295696,received,EV0219,1982
Q295700,received,EV0189,1972
XP2008902,received,EV0207,1978
Q295724,received,XE7085379,1967
Q295768,received,EV0219,1982
Q295869,received,EV0276,2001
Q295999,received,EV0267,1998
Q296423,received,XE9954847,1994
Q298045,received,EV0273,2000
Q298707,received,EV0171,1966
Q301438,received,EV0258,1995
Q309814,received,EV0261,1996
Q309816,received,EV0252,1993
Q309820,received,EV0267,1998
Q309876,received,EV0225,1984
Q309879,received,EV0174,1967
Q309885,received,EV0135,1954
Q309971,received,EV0219,1982
Q309977,received,EV0276,2001
Q102250,received,EV0280,2003
Q102266,received,EV0238,1989
Q102278,received,EV0187,1972
Q102291,received,EV0052,1922
Q102379,received,EV0211,1980
Q102395,received,EV0262,1997
XP3077052,received,EV0208,1979
Q102419,received,EV0178,1968
Q102804,received,EV0015,1906
Q102822,received,Q91052522,1901
Q102830,received,EV0051,1921
Q103835,received,EV0089,1936
Q104575,received,EV0032,1912
Q104582,received,Q98036116,1912
Q105572,received,EV0334,2021
Q105927,received,EV0301,2010
Q105937,received,EV0110,1946
Q105949,received,EV0301,2010
Q106399,received,EV0110,1946
Q106471,received,EV0301,2010
Q106624,received,EV0268,1999
XP8015764,received,EV0295,2008
Q106733,received,EV0226,1985
Q106738,received,EV0277,2002
Q106746,received,EV0259,1996
Q106751,received,EV0271,2000
Q106756,received,EV0110,1946
Q106762,received,EV0172,1967
Q107405,received,EV0175,1968
Q107422,received,EV0226,1985
Q107690,received,XE3911370,1987
Q109559,received,EV0298,2009
Q110073,received,EV0119,1949
Q110916,received,EV0271,2000
Q110925,received,EV0274,2001
Q110925,received,EV0337,2022
Q110930,received,EV0259,1996
Q110935,received,EV0199,1976
Q110942,received,EV0271,2000
Q110947,received,EV0274,2001
XP4151952,received,EV0187,1972
Q110957,received,EV0277,2004
XP8745961,received,EV0277,2002
Q111190,received,EV0256,1995
Q122272,received,EV0244,1991
XP8014936,received,XE7507667,1939
Q123014,received,XE9680103,1913
Q12658,received,EV0024,1909
Q1351105,received,EV0313,2014
Q135139,received,EV0256,1995
Q135151,received,EV0232,1987
Q135154,received,EV0196,1975
Q135171,received,EV0241,1990
Q135180,received,EV0238,1989
Q1387059,received,EV0313,2014
Q150989,received,EV0086,1935
Q15118973,received,EV0316,2015
Q151564,received,EV0145,1958
Q151564,received,EV0211,1980
Q15433043,received,EV0340,2023
Q1545000,received,EV0325,2018
Q1547368,received,EV0340,2023
Q156492,received,EV0187,1972
Q157210,received,EV0274,2001
XP9990608,received,XE5947945,1969
Q157224,received,EV0250,1993
Q157239,received,Q94615776,1944
Q157242,received,XE6537840,1957
Q728331,received,EV0329,2019
Q730065,received,EV0314,2014
Q73058,received,EV0299,2008
Q76373,received,XE3970359,2009
Q76462,received,EV0275,2001
Q76474,received,EV0134,1954
Q76687,received,EV0233,1989
Q76766,received,EV0230,1986
Q76797,received,EV0161,1963
Q76970,received,EV0146,1958
Q78520,received,XE6916533,1936
Q78610,received,EV0338,2022
Q79000,received,EV0004,1902
Q80884,received,EV0087,1935
Q80905,received,EV0152,1960
Q82563,received,EV0188,1972
Q83297,received,EV0010,1904
Q83331,received,EV0072,1929
XP3234302,received,EV0164,1964
Q83557,received,EV0164,1964
Q86970,received,EV0341,2023
Q8753,received,XE1365505,1938
Q9021,received,EV0045,1918
Q9130,received,EV0082,1933
Q92894,received,EV0344,2024
Q949,received,EV0140,1956
Q949,received,EV0188,1972
Q26703310,received,XE7604107,2025
XP5927090,received,XE7604107,2025
Q555849,received,XE7604107,2025
Q20942818,received,EV0350,2026
Q309979,received,EV0273,2000
Q310131,received,EV0135,1954
XP1639693,received,EV0243,1990
Q310487,received,EV0237,1987
Q311358,received,EV0240,1989
Q312961,received,EV0135,1954
Q312963,received,EV0141,1956
Q312977,received,EV0252,1993
XP9688794,received,EV0165,1964
Q35703,received,EV0237,1988
Q37064,received,EV0109,1945
Q37193,received,EV0014,1905
Q42985,received,EV0011,1904
Q444270,received,EV0312,2013
XP3155132,received,EV0165,1964
Q4517,received,EV0183,1970
Q462843,received,EV0318,2015
XP7631978,received,EV0126,1951
Q504021,received,EV0345,2025
Q5341373,received,EV0315,2014
Q5677307,received,EV0333,2020
Q57089,received,EV0023,1908
Q57128,received,EV0029,1910
Q57132,received,EV0054,1922
Q57191,received,EV0132,1953
Q57192,received,XE4777676,1939
Q57568,received,EV0088,1935
Q58054,received,EV0109,1945
Q60031,received,XE9954847,1994
Q60060,received,EV0192,1973
Q60108,received,EV0270,1999
Q60322501,received,EV0336,2021
Q6140731,received,EV0327,2018
Q6796222,received,EV0315,2016
Q68118,received,EV0186,1971
Q72194,received,EV0091,1936
Q740638,received,EV0312,2013
Q75847,received,EV0297,2008
XP6992514,received,EV0002,1901
Q76464,received,EV0078,1931
Q76807,received,EV0180,1969
Q77081,received,EV0246,1991
Q77104,received,EV0132,1953
Q77126,received,EV0246,1991
Q77152,received,EV0141,1956
XP6866986,received,EV0225,1984
Q77173,received,EV0091,1936
Q77174,received,EV0258,1995
Q78478,received,EV0040,1914
Q78479,received,EV0067,1927
Q78496,received,EV0192,1973
Q78501,received,EV0115,1947
Q80323,received,EV0085,1934
Q8056214,received,EV0321,2016
Q80917,received,EV0309,2012
Q81218,received,EV0309,2012
Q83333,received,EV0159,1962
Q83598,received,EV0112,1946
Q84405,received,XE5817869,1930
Q88608397,received,XE5101309,2023
Q88608402,received,EV0342,2023
Q97270,received,EV0312,2013
Q983858,received,EV0345,2024
Q17502433,received,EV0348,2025
Q28212107,received,EV0348,2025
Q114564137,received,EV0348,2025
Q192712,father,Q170741,
Q170741,child,Q192712,
XP8384070,child,Q237142,
Q131729,father,Q133747,
Q133846,father,Q47285,
Q204733,spouse,Q78501,
Q7504,spouse,Q150989,
Q47285,child,Q133846,
Q295678,child,Q170676,
Q103854,father,Q7085,
Q237142,father,XP8384070,
Q150989,spouse,Q7504,
Q170676,father,Q295678,
Q78501,spouse,Q204733,
Q170342,father,Q295696,
Q6796222,spouse,Q5341373,
