event_id,name,prize,year,place_id
EV0000,Nobel Prize in Chemistry 1901,Nobel Prize in Chemistry,1901,Q1754
EV0001,Nobel Prize in Physics 1901,Nobel Prize in Physics,1901,Q1754
EV0002,Nobel Prize in Physiology or Medicine 1901,Nobel Prize in Physiology or Medicine,1901,Q1754
EV0003,Nobel Prize in Chemistry 1902,Nobel Prize in Chemistry,1902,Q1754
EV0004,Nobel Prize in Physics 1902,Nobel Prize in Physics,1902,Q1754
EV0005,Nobel Prize in Physiology or Medicine 1902,Nobel Prize in Physiology or Medicine,1902,Q1754
EV0006,Nobel Prize in Chemistry 1903,Nobel Prize in Chemistry,1903,Q1754
EV0007,Nobel Prize in Physics 1903,Nobel Prize in Physics,1903,Q1754
EV0008,Nobel Prize in Physiology or Medicine 1903,Nobel Prize in Physiology or Medicine,1903,Q1754
EV0009,Nobel Prize in Chemistry 1904,Nobel Prize in Chemistry,1904,Q1754
EV0010,Nobel Prize in Physics 1904,Nobel Prize in Physics,1904,Q1754
EV0011,Nobel Prize in Physiology or Medicine 1904,Nobel Prize in Physiology or Medicine,1904,Q1754
EV0012,Nobel Prize in Chemistry 1905,Nobel Prize in Chemistry,1905,Q1754
EV0013,Nobel Prize in Physics 1905,Nobel Prize in Physics,1905,Q1754
EV0014,Nobel Prize in Physiology or Medicine 1905,Nobel Prize in Physiology or Medicine,1905,Q1754
EV0015,Nobel Prize in Chemistry 1906,Nobel Prize in Chemistry,1906,Q1754
EV0016,Nobel Prize in Physics 1906,Nobel Prize in Physics,1906,Q1754
EV0017,Nobel Prize in Physiology or Medicine 1906,Nobel Prize in Physiology or Medicine,1906,Q1754
EV0018,Nobel Prize in Chemistry 1907,Nobel Prize in Chemistry,1907,Q1754
EV0019,Nobel Prize in Physics 1907,Nobel Prize in Physics,1907,Q1754
EV0020,Nobel Prize in Physiology or Medicine 1907,Nobel Prize in Physiology or Medicine,1907,Q1754
EV0021,Nobel Prize in Chemistry 1908,Nobel Prize in Chemistry,1908,Q1754
EV0022,Nobel Prize in Physics 1908,Nobel Prize in Physics,1908,Q1754
EV0023,Nobel Prize in Physiology or Medicine 1908,Nobel Prize in Physiology or Medicine,1908,Q1754
EV0024,Nobel Prize in Chemistry 1909,Nobel Prize in Chemistry,1909,Q1754
EV0025,Nobel Prize in Physics 1909,Nobel Prize in Physics,1909,Q1754
EV0026,Nobel Prize in Physiology or Medicine 1909,Nobel Prize in Physiology or Medicine,1909,Q1754
EV0027,Nobel Prize in Chemistry 1910,Nobel Prize in Chemistry,1910,Q1754
EV0028,Nobel Prize in Physics 1910,Nobel Prize in Physics,1910,Q1754
EV0029,Nobel Prize in Physiology or Medicine 1910,Nobel Prize in Physiology or Medicine,1910,Q1754
EV0030,Nobel Prize in Physics 1911,Nobel Prize in Physics,1911,Q1754
EV0031,Nobel Prize in Physiology or Medicine 1911,Nobel Prize in Physiology or Medicine,1911,Q1754
EV0032,Nobel Prize in Chemistry 1912,Nobel Prize in Chemistry,1912,Q1754
EV0033,Nobel Prize in Physics 1912,Nobel Prize in Physics,1912,Q1754
EV0034,Nobel Prize in Physiology or Medicine 1912,Nobel Prize in Physiology or Medicine,1912,Q1754
EV0035,Nobel Prize in Chemistry 1913,Nobel Prize in Chemistry,1913,Q1754
EV0036,Nobel Prize in Physics 1913,Nobel Prize in Physics,1913,Q1754
EV0037,Nobel Prize in Physiology or Medicine 1913,Nobel Prize in Physiology or Medicine,1913,Q1754
EV0038,Nobel Prize in Chemistry 1914,Nobel Prize in Chemistry,1914,Q1754
EV0039,Nobel Prize in Physics 1914,Nobel Prize in Physics,1914,Q1754
EV0040,Nobel Prize in Physiology or Medicine 1914,Nobel Prize in Physiology or Medicine,1914,Q1754
EV0041,Nobel Prize in Chemistry 1915,Nobel Prize in Chemistry,1915,Q1754
EV0042,Nobel Prize in Physics 1915,Nobel Prize in Physics,1915,Q1754
EV0043,Nobel Prize in Physics 1917,Nobel Prize in Physics,1917,Q1754
EV0044,Nobel Prize in Chemistry 1918,Nobel Prize in Chemistry,1918,Q1754
EV0045,Nobel Prize in Physics 1918,Nobel Prize in Physics,1918,Q1754
EV0046,Nobel Prize in Physics 1919,Nobel Prize in Physics,1919,Q1754
EV0047,Nobel Prize in Physiology or Medicine 1919,Nobel Prize in Physiology or Medicine,1919,Q1754
EV0048,Nobel Prize in Chemistry 1920,Nobel Prize in Chemistry,1920,Q1754
EV0049,Nobel Prize in Physics 1920,Nobel Prize in Physics,1920,Q1754
EV0050,Nobel Prize in Physiology or Medicine 1920,Nobel Prize in Physiology or Medicine,1920,Q1754
EV0051,Nobel Prize in Chemistry 1921,Nobel Prize in Chemistry,1921,Q1754
EV0052,Nobel Prize in Chemistry 1922,Nobel Prize in Chemistry,1922,Q1754
EV0053,Nobel Prize in Physics 1922,Nobel Prize in Physics,1922,Q1754
EV0054,Nobel Prize in Physiology or Medicine 1922,Nobel Prize in Physiology or Medicine,1922,Q1754
EV0055,Nobel Prize in Chemistry 1923,Nobel Prize in Chemistry,1923,Q1754
EV0056,Nobel Prize in Physics 1923,Nobel Prize in Physics,1923,Q1754
EV0057,Nobel Prize in Physiology or Medicine 1923,Nobel Prize in Physiology or Medicine,1923,Q1754
EV0058,Nobel Prize in Physics 1924,Nobel Prize in Physics,1924,Q1754
EV0059,Nobel Prize in Physiology or Medicine 1924,Nobel Prize in Physiology or Medicine,1924,Q1754
EV0060,Nobel Prize in Chemistry 1925,Nobel Prize in Chemistry,1925,Q1754
EV0061,Nobel Prize in Physics 1925,Nobel Prize in Physics,1925,Q1754
EV0062,Nobel Prize in Chemistry 1926,Nobel Prize in Chemistry,1926,Q1754
EV0063,Nobel Prize in Physics 1926,Nobel Prize in Physics,1926,Q1754
EV0064,Nobel Prize in Physiology or Medicine 1926,Nobel Prize in Physiology or Medicine,1926,Q1754
EV0065,Nobel Prize in Chemistry 1927,Nobel Prize in Chemistry,1927,Q1754
EV0066,Nobel Prize in Physics 1927,Nobel Prize in Physics,1927,Q1754
EV0067,Nobel Prize in Physiology or Medicine 1927,Nobel Prize in Physiology or Medicine,1927,Q1754
EV0068,Nobel Prize in Chemistry 1928,Nobel Prize in Chemistry,1928,Q1754
EV0069,Nobel Prize in Physics 1928,Nobel Prize in Physics,1928,Q1754
EV0070,Nobel Prize in Physiology or Medicine 1928,Nobel Prize in Physiology or Medicine,1928,Q1754
EV0071,Nobel Prize in Chemistry 1929,Nobel Prize in Chemistry,1929,Q1754
EV0072,Nobel Prize in Physics 1929,Nobel Prize in Physics,1929,Q1754
EV0073,Nobel Prize in Physiology or Medicine 1929,Nobel Prize in Physiology or Medicine,1929,Q1754
EV0074,Nobel Prize in Chemistry 1930,Nobel Prize in Chemistry,1930,Q1754
EV0075,Nobel Prize in Physics 1930,Nobel Prize in Physics,1930,Q1754
EV0076,Nobel Prize in Physiology or Medicine 1930,Nobel Prize in Physiology or Medicine,1930,Q1754
EV0077,Nobel Prize in Chemistry 1931,Nobel Prize in Chemistry,1931,Q1754
EV0078,Nobel Prize in Physiology or Medicine 1931,Nobel Prize in Physiology or Medicine,1931,Q1754
EV0079,Nobel Prize in Chemistry 1932,Nobel Prize in Chemistry,1932,Q1754
EV0080,Nobel Prize in Physics 1932,Nobel Prize in Physics,1932,Q1754
EV0081,Nobel Prize in Physiology or Medicine 1932,Nobel Prize in Physiology or Medicine,1932,Q1754
EV0082,Nobel Prize in Physics 1933,Nobel Prize in Physics,1933,Q1754
EV0083,Nobel Prize in Physiology or Medicine 1933,Nobel Prize in Physiology or Medicine,1933,Q1754
EV0084,Nobel Prize in Chemistry 1934,Nobel Prize in Chemistry,1934,Q1754
EV0085,Nobel Prize in Physiology or Medicine 1934,Nobel Prize in Physiology or Medicine,1934,Q1754
EV0086,Nobel Prize in Chemistry 1935,Nobel Prize in Chemistry,1935,Q1754
EV0087,Nobel Prize in Physics 1935,Nobel Prize in Physics,1935,Q1754
EV0088,Nobel Prize in Physiology or Medicine 1935,Nobel Prize in Physiology or Medicine,1935,Q1754
EV0089,Nobel Prize in Chemistry 1936,Nobel Prize in Chemistry,1936,Q1754
EV0090,Nobel Prize in Physics 1936,Nobel Prize in Physics,1936,Q1754
EV0091,Nobel Prize in Physiology or Medicine 1936,Nobel Prize in Physiology or Medicine,1936,Q1754
EV0092,Nobel Prize in Chemistry 1937,Nobel Prize in Chemistry,1937,Q1754
EV0093,Nobel Prize in Physics 1937,Nobel Prize in Physics,1937,Q1754
EV0094,Nobel Prize in Physiology or Medicine 1937,Nobel Prize in Physiology or Medicine,1937,Q1754
EV0095,Nobel Prize in Chemistry 1938,Nobel Prize in Chemistry,1938,Q1754
EV0096,Nobel Prize in Physics 1938,Nobel Prize in Physics,1938,Q1754
EV0097,Nobel Prize in Physiology or Medicine 1938,Nobel Prize in Physiology or Medicine,1938,Q1754
EV0098,Nobel Prize in Chemistry 1939,Nobel Prize in Chemistry,1939,Q1754
EV0099,Nobel Prize in Physics 1939,Nobel Prize in Physics,1939,Q1754
EV0100,Nobel Prize in Physiology or Medicine 1939,Nobel Prize in Physiology or Medicine,1939,Q1754
EV0101,Nobel Prize in Chemistry 1943,Nobel Prize in Chemistry,1943,Q1754
EV0102,Nobel Prize in Physics 1943,Nobel Prize in Physics,1943,Q1754
EV0103,Nobel Prize in Physiology or Medicine 1943,Nobel Prize in Physiology or Medicine,1943,Q1754
EV0104,Nobel Prize in Chemistry 1944,Nobel Prize in Chemistry,1944,Q1754
EV0105,Nobel Prize in Physics 1944,Nobel Prize in Physics,1944,Q1754
EV0106,Nobel Prize in Physiology or Medicine 1944,Nobel Prize in Physiology or Medicine,1944,Q1754
EV0107,Nobel Prize in Chemistry 1945,Nobel Prize in Chemistry,1945,Q1754
EV0108,Nobel Prize in Physics 1945,Nobel Prize in Physics,1945,Q1754
EV0109,Nobel Prize in Physiology or Medicine 1945,Nobel Prize in Physiology or Medicine,1945,Q1754
EV0110,Nobel Prize in Chemistry 1946,Nobel Prize in Chemistry,1946,Q1754
EV0111,Nobel Prize in Physics 1946,Nobel Prize in Physics,1946,Q1754
EV0112,Nobel Prize in Physiology or Medicine 1946,Nobel Prize in Physiology or Medicine,1946,Q1754
EV0113,Nobel Prize in Chemistry 1947,Nobel Prize in Chemistry,1947,Q1754
EV0114,Nobel Prize in Physics 1947,Nobel Prize in Physics,1947,Q1754
EV0115,Nobel Prize in Physiology or Medicine 1947,Nobel Prize in Physiology or Medicine,1947,Q1754
EV0116,Nobel Prize in Chemistry 1948,Nobel Prize in Chemistry,1948,Q1754
EV0117,Nobel Prize in Physics 1948,Nobel Prize in Physics,1948,Q1754
EV0118,Nobel Prize in Physiology or Medicine 1948,Nobel Prize in Physiology or Medicine,1948,Q1754
EV0119,Nobel Prize in Chemistry 1949,Nobel Prize in Chemistry,1949,Q1754
EV0120,Nobel Prize in Physiology or Medicine 1949,Nobel Prize in Physiology or Medicine,1949,Q1754
EV0121,Nobel Prize in Chemistry 1950,Nobel Prize in Chemistry,1950,Q1754
EV0122,Nobel Prize in Physics 1950,Nobel Prize in Physics,1950,Q1754
EV0123,Nobel Prize in Physiology or Medicine 1950,Nobel Prize in Physiology or Medicine,1950,Q1754
EV0124,Nobel Prize in Chemistry 1951,Nobel Prize in Chemistry,1951,Q1754
EV0125,Nobel Prize in Physics 1951,Nobel Prize in Physics,1951,Q1754
EV0126,Nobel Prize in Physiology or Medicine 1951,Nobel Prize in Physiology or Medicine,1951,Q1754
EV0127,Nobel Prize in Chemistry 1952,Nobel Prize in Chemistry,1952,Q1754
EV0128,Nobel Prize in Physics 1952,Nobel Prize in Physics,1952,Q1754
EV0129,Nobel Prize in Physiology or Medicine 1952,Nobel Prize in Physiology or Medicine,1952,Q1754
EV0130,Nobel Prize in Chemistry 1953,Nobel Prize in Chemistry,1953,Q1754
EV0131,Nobel Prize in Physics 1953,Nobel Prize in Physics,1953,Q1754
EV0132,Nobel Prize in Physiology or Medicine 1953,Nobel Prize in Physiology or Medicine,1953,Q1754
EV0133,Nobel Prize in Chemistry 1954,Nobel Prize in Chemistry,1954,Q1754
EV0134,Nobel Prize in Physics 1954,Nobel Prize in Physics,1954,Q1754
EV0135,Nobel Prize in Physiology or Medicine 1954,Nobel Prize in Physiology or Medicine,1954,Q1754
EV0136,Nobel Prize in Chemistry 1955,Nobel Prize in Chemistry,1955,Q1754
EV0137,Nobel Prize in Physics 1955,Nobel Prize in Physics,1955,Q1754
EV0138,Nobel Prize in Physiology or Medicine 1955,Nobel Prize in Physiology or Medicine,1955,Q1754
EV0139,Nobel Prize in Chemistry 1956,Nobel Prize in Chemistry,1956,Q1754
EV0140,Nobel Prize in Physics 1956,Nobel Prize in Physics,1956,Q1754
EV0141,Nobel Prize in Physiology or Medicine 1956,Nobel Prize in Physiology or Medicine,1956,Q1754
EV0142,Nobel Prize in Chemistry 1957,Nobel Prize in Chemistry,1957,Q1754
EV0143,Nobel Prize in Physics 1957,Nobel Prize in Physics,1957,Q1754
EV0144,Nobel Prize in Physiology or Medicine 1957,Nobel Prize in Physiology or Medicine,1957,Q1754
EV0145,Nobel Prize in Chemistry 1958,Nobel Prize in Chemistry,1958,Q1754
EV0146,Nobel Prize in Physics 1958,Nobel Prize in Physics,1958,Q1754
EV0147,Nobel Prize in Physiology or Medicine 1958,Nobel Prize in Physiology or Medicine,1958,Q1754
EV0148,Nobel Prize in Chemistry 1959,Nobel Prize in Chemistry,1959,Q1754
EV0149,Nobel Prize in Physics 1959,Nobel Prize in Physics,1959,Q1754
EV0150,Nobel Prize in Physiology or Medicine 1959,Nobel Prize in Physiology or Medicine,1959,Q1754
EV0151,Nobel Prize in Chemistry 1960,Nobel Prize in Chemistry,1960,Q1754
EV0152,Nobel Prize in Physics 1960,Nobel Prize in Physics,1960,Q1754
EV0153,Nobel Prize in Physiology or Medicine 1960,Nobel Prize in Physiology or Medicine,1960,Q1754
EV0154,Nobel Prize in Chemistry 1961,Nobel Prize in Chemistry,1961,Q1754
EV0155,Nobel Prize in Physics 1961,Nobel Prize in Physics,1961,Q1754
EV0156,Nobel Prize in Physiology or Medicine 1961,Nobel Prize in Physiology or Medicine,1961,Q1754
EV0157,Nobel Prize in Chemistry 1962,Nobel Prize in Chemistry,1962,Q1754
EV0158,Nobel Prize in Physics 1962,Nobel Prize in Physics,1962,Q1754
EV0159,Nobel Prize in Physiology or Medicine 1962,Nobel Prize in Physiology or Medicine,1962,Q1754
EV0160,Nobel Prize in Chemistry 1963,Nobel Prize in Chemistry,1963,Q1754
EV0161,Nobel Prize in Physics 1963,Nobel Prize in Physics,1963,Q1754
EV0162,Nobel Prize in Physiology or Medicine 1963,Nobel Prize in Physiology or Medicine,1963,Q1754
EV0163,Nobel Prize in Chemistry 1964,Nobel Prize in Chemistry,1964,Q1754
EV0164,Nobel Prize in Physics 1964,Nobel Prize in Physics,1964,Q1754
EV0165,Nobel Prize in Physiology or Medicine 1964,Nobel Prize in Physiology or Medicine,1964,Q1754
EV0166,Nobel Prize in Chemistry 1965,Nobel Prize in Chemistry,1965,Q1754
EV0167,Nobel Prize in Physics 1965,Nobel Prize in Physics,1965,Q1754
EV0168,Nobel Prize in Physiology or Medicine 1965,Nobel Prize in Physiology or Medicine,1965,Q1754
EV0169,Nobel Prize in Chemistry 1966,Nobel Prize in Chemistry,1966,Q1754
EV0170,Nobel Prize in Physics 1966,Nobel Prize in Physics,1966,Q1754
EV0171,Nobel Prize in Physiology or Medicine 1966,Nobel Prize in Physiology or Medicine,1966,Q1754
EV0172,Nobel Prize in Chemistry 1967,Nobel Prize in Chemistry,1967,Q1754
EV0173,Nobel Prize in Physics 1967,Nobel Prize in Physics,1967,Q1754
EV0174,Nobel Prize in Physiology or Medicine 1967,Nobel Prize in Physiology or Medicine,1967,Q1754
EV0175,Nobel Prize in Chemistry 1968,Nobel Prize in Chemistry,1968,Q1754
EV0176,Nobel Prize in Physics 1968,Nobel Prize in Physics,1968,Q1754
EV0177,Nobel Prize in Physiology or Medicine 1968,Nobel Prize in Physiology or Medicine,1968,Q1754
EV0178,Nobel Prize in Chemistry 1969,Nobel Prize in Chemistry,1969,Q1754
EV0179,Nobel Prize in Physics 1969,Nobel Prize in Physics,1969,Q1754
EV0180,Nobel Prize in Physiology or Medicine 1969,Nobel Prize in Physiology or Medicine,1969,Q1754
EV0181,Nobel Prize in Chemistry 1970,Nobel Prize in Chemistry,1970,Q1754
EV0182,Nobel Prize in Physics 1970,Nobel Prize in Physics,1970,Q1754
EV0183,Nobel Prize in Physiology or Medicine 1970,Nobel Prize in Physiology or Medicine,1970,Q1754
EV0184,Nobel Prize in Chemistry 1971,Nobel Prize in Chemistry,1971,Q1754
EV0185,Nobel Prize in Physics 1971,Nobel Prize in Physics,1971,Q1754
EV0186,Nobel Prize in Physiology or Medicine 1971,Nobel Prize in Physiology or Medicine,1971,Q1754
EV0187,Nobel Prize in Chemistry 1972,Nobel Prize in Chemistry,1972,Q1754
EV0188,Nobel Prize in Physics 1972,Nobel Prize in Physics,1972,Q1754
EV0189,Nobel Prize in Physiology or Medicine 1972,Nobel Prize in Physiology or Medicine,1972,Q1754
EV0190,Nobel Prize in Chemistry 1973,Nobel Prize in Chemistry,1973,Q1754
EV0191,Nobel Prize in Physics 1973,Nobel Prize in Physics,1973,Q1754
EV0192,Nobel Prize in Physiology or Medicine 1973,Nobel Prize in Physiology or Medicine,1973,Q1754
EV0193,Nobel Prize in Chemistry 1974,Nobel Prize in Chemistry,1974,Q1754
EV0194,Nobel Prize in Physics 1974,Nobel Prize in Physics,1974,Q1754
EV0195,Nobel Prize in Physiology or Medicine 1974,Nobel Prize in Physiology or Medicine,1974,Q1754
EV0196,Nobel Prize in Chemistry 1975,Nobel Prize in Chemistry,1975,Q1754
EV0197,Nobel Prize in Physics 1975,Nobel Prize in Physics,1975,Q1754
EV0198,Nobel Prize in Physiology or Medicine 1975,Nobel Prize in Physiology or Medicine,1975,Q1754
EV0199,Nobel Prize in Chemistry 1976,Nobel Prize in Chemistry,1976,Q1754
EV0200,Nobel Prize in Physics 1976,Nobel Prize in Physics,1976,Q1754
EV0201,Nobel Prize in Physiology or Medicine 1976,Nobel Prize in Physiology or Medicine,1976,Q1754
EV0202,Nobel Prize in Chemistry 1977,Nobel Prize in Chemistry,1977,Q1754
EV0203,Nobel Prize in Physics 1977,Nobel Prize in Physics,1977,Q1754
EV0204,Nobel Prize in Physiology or Medicine 1977,Nobel Prize in Physiology or Medicine,1977,Q1754
EV0205,Nobel Prize in Chemistry 1978,Nobel Prize in Chemistry,1978,Q1754
EV0206,Nobel Prize in Physics 1978,Nobel Prize in Physics,1978,Q1754
EV0207,Nobel Prize in Physiology or Medicine 1978,Nobel Prize in Physiology or Medicine,1978,Q1754
EV0208,Nobel Prize in Chemistry 1979,Nobel Prize in Chemistry,1979,Q1754
EV0209,Nobel Prize in Physics 1979,Nobel Prize in Physics,1979,Q1754
EV0210,Nobel Prize in Physiology or Medicine 1979,Nobel Prize in Physiology or Medicine,1979,Q1754
EV0211,Nobel Prize in Chemistry 1980,Nobel Prize in Chemistry,1980,Q1754
EV0212,Nobel Prize in Physics 1980,Nobel Prize in Physics,1980,Q1754
EV0213,Nobel Prize in Physiology or Medicine 1980,Nobel Prize in Physiology or Medicine,1980,Q1754
EV0214,Nobel Prize in Chemistry 1981,Nobel Prize in Chemistry,1981,Q1754
EV0215,Nobel Prize in Physics 1981,Nobel Prize in Physics,1981,Q1754
EV0216,Nobel Prize in Physiology or Medicine 1981,Nobel Prize in Physiology or Medicine,1981,Q1754
EV0217,Nobel Prize in Chemistry 1982,Nobel Prize in Chemistry,1982,Q1754
EV0218,Nobel Prize in Physics 1982,Nobel Prize in Physics,1982,Q1754
EV0219,Nobel Prize in Physiology or Medicine 1982,Nobel Prize in Physiology or Medicine,1982,Q1754
EV0220,Nobel Prize in Chemistry 1983,Nobel Prize in Chemistry,1983,Q1754
EV0221,Nobel Prize in Physics 1983,Nobel Prize in Physics,1983,Q1754
EV0222,Nobel Prize in Physiology or Medicine 1983,Nobel Prize in Physiology or Medicine,1983,Q1754
EV0223,Nobel Prize in Chemistry 1984,Nobel Prize in Chemistry,1984,Q1754
EV0224,Nobel Prize in Physics 1984,Nobel Prize in Physics,1984,Q1754
EV0225,Nobel Prize in Physiology or Medicine 1984,Nobel Prize in Physiology or Medicine,1984,Q1754
EV0226,Nobel Prize in Chemistry 1985,Nobel Prize in Chemistry,1985,Q1754
EV0227,Nobel Prize in Physics 1985,Nobel Prize in Physics,1985,Q1754
EV0228,Nobel Prize in Physiology or Medicine 1985,Nobel Prize in Physiology or Medicine,1985,Q1754
EV0229,Nobel Prize in Chemistry 1986,Nobel Prize in Chemistry,1986,Q1754
EV0230,Nobel Prize in Physics 1986,Nobel Prize in Physics,1986,Q1754
EV0231,Nobel Prize in Physiology or Medicine 1986,Nobel Prize in Physiology or Medicine,1986,Q1754
EV0232,Nobel Prize in Chemistry 1987,Nobel Prize in Chemistry,1987,Q1754
EV0233,Nobel Prize in Physics 1987,Nobel Prize in Physics,1987,Q1754
EV0234,Nobel Prize in Physiology or Medicine 1987,Nobel Prize in Physiology or Medicine,1987,Q1754
EV0235,Nobel Prize in Chemistry 1988,Nobel Prize in Chemistry,1988,Q1754
EV0236,Nobel Prize in Physics 1988,Nobel Prize in Physics,1988,Q1754
EV0237,Nobel Prize in Physiology or Medicine 1988,Nobel Prize in Physiology or Medicine,1988,Q1754
EV0238,Nobel Prize in Chemistry 1989,Nobel Prize in Chemistry,1989,Q1754
EV0239,Nobel Prize in Physics 1989,Nobel Prize in Physics,1989,Q1754
EV0240,Nobel Prize in Physiology or Medicine 1989,Nobel Prize in Physiology or Medicine,1989,Q1754
EV0241,Nobel Prize in Chemistry 1990,Nobel Prize in Chemistry,1990,Q1754
EV0242,Nobel Prize in Physics 1990,Nobel Prize in Physics,1990,Q1754
EV0243,Nobel Prize in Physiology or Medicine 1990,Nobel Prize in Physiology or Medicine,1990,Q1754
EV0244,Nobel Prize in Chemistry 1991,Nobel Prize in Chemistry,1991,Q1754
EV0245,Nobel Prize in Physics 1991,Nobel Prize in Physics,1991,Q1754
EV0246,Nobel Prize in Physiology or Medicine 1991,Nobel Prize in Physiology or Medicine,1991,Q1754
EV0247,Nobel Prize in Chemistry 1992,Nobel Prize in Chemistry,1992,Q1754
EV0248,Nobel Prize in Physics 1992,Nobel Prize in Physics,1992,Q1754
EV0249,Nobel Prize in Physiology or Medicine 1992,Nobel Prize in Physiology or Medicine,1992,Q1754
EV0250,Nobel Prize in Chemistry 1993,Nobel Prize in Chemistry,1993,Q1754
EV0251,Nobel Prize in Physics 1993,Nobel Prize in Physics,1993,Q1754
EV0252,Nobel Prize in Physiology or Medicine 1993,Nobel Prize in Physiology or Medicine,1993,Q1754
EV0253,Nobel Prize in Chemistry 1994,Nobel Prize in Chemistry,1994,Q1754
EV0254,Nobel Prize in Physics 1994,Nobel Prize in Physics,1994,Q1754
EV0255,Nobel Prize in Physiology or Medicine 1994,Nobel Prize in Physiology or Medicine,1994,Q1754
EV0256,Nobel Prize in Chemistry 1995,Nobel Prize in Chemistry,1995,Q1754
EV0257,Nobel Prize in Physics 1995,Nobel Prize in Physics,1995,Q1754
EV0258,Nobel Prize in Physiology or Medicine 1995,Nobel Prize in Physiology or Medicine,1995,Q1754
EV0259,Nobel Prize in Chemistry 1996,Nobel Prize in Chemistry,1996,Q1754
EV0260,Nobel Prize in Physics 1996,Nobel Prize in Physics,1996,Q1754
EV0261,Nobel Prize in Physiology or Medicine 1996,Nobel Prize in Physiology or Medicine,1996,Q1754
EV0262,Nobel Prize in Chemistry 1997,Nobel Prize in Chemistry,1997,Q1754
EV0263,Nobel Prize in Physics 1997,Nobel Prize in Physics,1997,Q1754
EV0264,Nobel Prize in Physiology or Medicine 1997,Nobel Prize in Physiology or Medicine,1997,Q1754
EV0265,Nobel Prize in Chemistry 1998,Nobel Prize in Chemistry,1998,Q1754
EV0266,Nobel Prize in Physics 1998,Nobel Prize in Physics,1998,Q1754
EV0267,Nobel Prize in Physiology or Medicine 1998,Nobel Prize in Physiology or Medicine,1998,Q1754
EV0268,Nobel Prize in Chemistry 1999,Nobel Prize in Chemistry,1999,Q1754
EV0269,Nobel Prize in Physics 1999,Nobel Prize in Physics,1999,Q1754
EV0270,Nobel Prize in Physiology or Medicine 1999,Nobel Prize in Physiology or Medicine,1999,Q1754
EV0271,Nobel Prize in Chemistry 2000,Nobel Prize in Chemistry,2000,Q1754
EV0272,Nobel Prize in Physics 2000,Nobel Prize in Physics,2000,Q1754
EV0273,Nobel Prize in Physiology or Medicine 2000,Nobel Prize in Physiology or Medicine,2000,Q1754
EV0274,Nobel Prize in Chemistry 2001,Nobel Prize in Chemistry,2001,Q1754
EV0275,Nobel Prize in Physics 2001,Nobel Prize in Physics,2001,Q1754
EV0276,Nobel Prize in Physiology or Medicine 2001,Nobel Prize in Physiology or Medicine,2001,Q1754
EV0277,Nobel Prize in Chemistry 2002,Nobel Prize in Chemistry,2002,Q1754
EV0278,Nobel Prize in Physics 2002,Nobel Prize in Physics,2002,Q1754
EV0279,Nobel Prize in Physiology or Medicine 2002,Nobel Prize in Physiology or Medicine,2002,Q1754
EV0280,Nobel Prize in Chemistry 2003,Nobel Prize in Chemistry,2003,Q1754
EV0281,Nobel Prize in Physics 2003,Nobel Prize in Physics,2003,Q1754
EV0282,Nobel Prize in Physiology or Medicine 2003,Nobel Prize in Physiology or Medicine,2003,Q1754
EV0283,Nobel Prize in Chemistry 2004,Nobel Prize in Chemistry,2004,Q1754
EV0284,Nobel Prize in Physics 2004,Nobel Prize in Physics,2004,Q1754
EV0285,Nobel Prize in Physiology or Medicine 2004,Nobel Prize in Physiology or Medicine,2004,Q1754
EV0286,Nobel Prize in Chemistry 2005,Nobel Prize in Chemistry,2005,Q1754
EV0287,Nobel Prize in Physics 2005,Nobel Prize in Physics,2005,Q1754
EV0288,Nobel Prize in Physiology or Medicine 2005,Nobel Prize in Physiology or Medicine,2005,Q1754
EV0289,Nobel Prize in Chemistry 2006,Nobel Prize in Chemistry,2006,Q1754
EV0290,Nobel Prize in Physics 2006,Nobel Prize in Physics,2006,Q1754
EV0291,Nobel Prize in Physiology or Medicine 2006,Nobel Prize in Physiology or Medicine,2006,Q1754
EV0292,Nobel Prize in Chemistry 2007,Nobel Prize in Chemistry,2007,Q1754
EV0293,Nobel Prize in Physics 2007,Nobel Prize in Physics,2007,Q1754
EV0294,Nobel Prize in Physiology or Medicine 2007,Nobel Prize in Physiology or Medicine,2007,Q1754
EV0295,Nobel Prize in Chemistry 2008,Nobel Prize in Chemistry,2008,Q1754
EV0296,Nobel Prize in Physics 2008,Nobel Prize in Physics,2008,Q1754
EV0297,Nobel Prize in Physiology or Medicine 2008,Nobel Prize in Physiology or Medicine,2008,Q1754
EV0298,Nobel Prize in Chemistry 2009,Nobel Prize in Chemistry,2009,Q1754
EV0299,Nobel Prize in Physics 2009,Nobel Prize in Physics,2009,Q1754
EV0300,Nobel Prize in Physiology or Medicine 2009,Nobel Prize in Physiology or Medicine,2009,Q1754
EV0301,Nobel Prize in Chemistry 2010,Nobel Prize in Chemistry,2010,Q1754
EV0302,Nobel Prize in Physics 2010,Nobel Prize in Physics,2010,Q1754
EV0303,Nobel Prize in Physiology or Medicine 2010,Nobel Prize in Physiology or Medicine,2010,Q1754
EV0304,Nobel Prize in Chemistry 2011,Nobel Prize in Chemistry,2011,Q1754
EV0305,Nobel Prize in Physics 2011,Nobel Prize in Physics,2011,Q1754
EV0306,Nobel Prize in Physiology or Medicine 2011,Nobel Prize in Physiology or Medicine,2011,Q1754
EV0307,Nobel Prize in Chemistry 2012,Nobel Prize in Chemistry,2012,Q1754
EV0308,Nobel Prize in Physics 2012,Nobel Prize in Physics,2012,Q1754
EV0309,Nobel Prize in Physiology or Medicine 2012,Nobel Prize in Physiology or Medicine,2012,Q1754
EV0310,Nobel Prize in Chemistry 2013,Nobel Prize in Chemistry,2013,Q1754
EV0311,Nobel Prize in Physics 2013,Nobel Prize in Physics,2013,Q1754
EV0312,Nobel Prize in Physiology or Medicine 2013,Nobel Prize in Physiology or Medicine,2013,Q1754
EV0313,Nobel Prize in Chemistry 2014,Nobel Prize in Chemistry,2014,Q1754
EV0314,Nobel Prize in Physics 2014,Nobel Prize in Physics,2014,Q1754
EV0315,Nobel Prize in Physiology or Medicine 2014,Nobel Prize in Physiology or Medicine,2014,Q1754
EV0316,Nobel Prize in Chemistry 2015,Nobel Prize in Chemistry,2015,Q1754
EV0317,Nobel Prize in Physics 2015,Nobel Prize in Physics,2015,Q1754
EV0318,Nobel Prize in Physiology or Medicine 2015,Nobel Prize in Physiology or Medicine,2015,Q1754
EV0319,Nobel Prize in Chemistry 2016,Nobel Prize in Chemistry,2016,Q1754
EV0320,Nobel Prize in Physics 2016,Nobel Prize in Physics,2016,Q1754
EV0321,Nobel Prize in Physiology or Medicine 2016,Nobel Prize in Physiology or Medicine,2016,Q1754
EV0322,Nobel Prize in Chemistry 2017,Nobel Prize in Chemistry,2017,Q1754
EV0323,Nobel Prize in Physics 2017,Nobel Prize in Physics,2017,Q1754
EV0324,Nobel Prize in Physiology or Medicine 2017,Nobel Prize in Physiology or Medicine,2017,Q1754
EV0325,Nobel Prize in Chemistry 2018,Nobel Prize in Chemistry,2018,Q1754
EV0326,Nobel Prize in Physics 2018,Nobel Prize in Physics,2018,Q1754
EV0327,Nobel Prize in Physiology or Medicine 2018,Nobel Prize in Physiology or Medicine,2018,Q1754
EV0328,Nobel Prize in Chemistry 2019,Nobel Prize in Chemistry,2019,Q1754
EV0329,Nobel Prize in Physics 2019,Nobel Prize in Physics,2019,Q1754
EV0330,Nobel Prize in Physiology or Medicine 2019,Nobel Prize in Physiology or Medicine,2019,Q1754
EV0331,Nobel Prize in Chemistry 2020,Nobel Prize in Chemistry,2020,Q1754
EV0332,Nobel Prize in Physics 2020,Nobel Prize in Physics,2020,Q1754
EV0333,Nobel Prize in Physiology or Medicine 2020,Nobel Prize in Physiology or Medicine,2020,Q1754
EV0334,Nobel Prize in Chemistry 2021,Nobel Prize in Chemistry,2021,Q1754
EV0335,Nobel Prize in Physics 2021,Nobel Prize in Physics,2021,Q1754
EV0336,Nobel Prize in Physiology or Medicine 2021,Nobel Prize in Physiology or Medicine,2021,Q1754
EV0337,Nobel Prize in Chemistry 2022,Nobel Prize in Chemistry,2022,Q1754
EV0338,Nobel Prize in Physics 2022,Nobel Prize in Physics,2022,Q1754
EV0339,Nobel Prize in Physiology or Medicine 2022,Nobel Prize in Physiology or Medicine,2022,Q1754
EV0340,Nobel Prize in Chemistry 2023,Nobel Prize in Chemistry,2023,Q1754
EV0341,Nobel Prize in Physics 2023,Nobel Prize in Physics,2023,Q1754
EV0342,Nobel Prize in Physiology or Medicine 2023,Nobel Prize in Physiology or Medicine,2023,Q1754
EV0343,Nobel Prize in Chemistry 2024,Nobel Prize in Chemistry,2024,Q1754
EV0344,Nobel Prize in Physics 2024,Nobel Prize in Physics,2024,Q1754
EV0345,Nobel Prize in Physiology or Medicine 2024,Nobel Prize in Physiology or Medicine,2024,Q1754
EV0346,Nobel Prize in Chemistry 2025,Nobel Prize in Chemistry,2025,Q1754
EV0347,Nobel Prize in Physics 2025,Nobel Prize in Physics,2025,Q1754
EV0348,Nobel Prize in Physiology or Medicine 2025,Nobel Prize in Physiology or Medicine,2025,Q1754
EV0349,Nobel Prize in Chemistry 2026,Nobel Prize in Chemistry,2026,Q1754
EV0350,Nobel Prize in Physics 2026,Nobel Prize in Physics,2026,Q1754
