entity_id,name,birth_year,city,country,email
P0000,Michael Williams,1972,Lyon,France,michael.williams72@mail.com
P0001,Sarah Moore,2000,Boston,USA,sarah.moore0@mail.com
P0002,William Brown,2002,Paris,France,william.brown2@mail.com
P0003,Joseph Thomas,1940,Chicago,USA,joseph.thomas40@mail.com
P0004,David Davis,1953,Mumbai,India,david.davis53@mail.com
P0005,John Smith,1943,Toronto,Canada,john.smith43@mail.com
P0006,John Taylor,1967,Boston,USA,john.taylor67@mail.com
P0007,Priya Smith,1968,Chicago,USA,priya.smith68@mail.com
P0008,Sarah Davis,1984,Munich,Germany,sarah.davis84@mail.com
P0009,Lisa Davis,1998,Chennai,India,lisa.davis98@mail.com
P0010,John Thomas,1952,Berlin,Germany,john.thomas52@mail.com
P0011,Matthew Martinez,1955,Mumbai,India,matthew.martinez55@mail.com
P0012,Priya Thomas,2004,Munich,Germany,priya.thomas4@mail.com
P0013,Elizabeth Martinez,2003,Toronto,Canada,elizabeth.martinez3@mail.com
P0014,Joseph Johnson,2001,Munich,Germany,joseph.johnson1@mail.com
P0015,Priya Taylor,1993,Berlin,Germany,priya.taylor93@mail.com
P0016,Susan Anderson,1951,Chicago,USA,susan.anderson51@mail.com
P0017,Lisa Brown,1960,Toronto,Canada,lisa.brown60@mail.com
P0018,Joseph Anderson,2002,Paris,France,joseph.anderson2@mail.com
P0019,Sarah Johnson,1979,Madrid,Spain,sarah.johnson79@mail.com
P0020,Daniel Taylor,1961,Berlin,Germany,daniel.taylor61@mail.com
P0021,Charles Davis,1941,Munich,Germany,charles.davis41@mail.com
P0022,Karen Davis,1991,Toronto,Canada,karen.davis91@mail.com
P0023,Susan Anderson,1998,Chennai,India,susan.anderson98@mail.com
P0024,Lisa Smith,1989,Toronto,Canada,lisa.smith89@mail.com
P0025,Michael Miller,1994,Paris,France,michael.miller94@mail.com
P0026,Sarah Anderson,1965,Toronto,Canada,sarah.anderson65@mail.com
P0027,Jessica Kumar,1985,Boston,USA,jessica.kumar85@mail.com
P0028,Susan Smith,1982,Chicago,USA,susan.smith82@mail.com
P0029,Nancy Smith,1969,Berlin,Germany,nancy.smith69@mail.com
P0030,Karen Garcia,1951,Toronto,Canada,karen.garcia51@mail.com
P0031,David Johnson,1949,Lyon,France,david.johnson49@mail.com
P0032,John Moore,1941,Chennai,India,john.moore41@mail.com
P0033,Linda Rodriguez,1954,Madrid,Spain,linda.rodriguez54@mail.com
P0034,Jennifer Anderson,1977,Lyon,France,jennifer.anderson77@mail.com
P0035,Jennifer Garcia,1972,Toronto,Canada,jennifer.garcia72@mail.com
P0036,Jennifer Rodriguez,1977,Chicago,USA,jennifer.rodriguez77@mail.com
P0037,Anthony Wilson,2003,Chicago,USA,anthony.wilson3@mail.com
P0038,Patricia Smith,1979,Boston,USA,patricia.smith79@mail.com
P0039,Richard Thomas,1964,Chennai,India,richard.thomas64@mail.com
P0040,Patricia Rodriguez,2005,Munich,Germany,patricia.rodriguez5@mail.com
P0041,Nancy Thomas,1942,Munich,Germany,nancy.thomas42@mail.com
P0042,John Taylor,1958,Paris,France,john.taylor58@mail.com
P0043,Priya Garcia,1997,Toronto,Canada,priya.garcia97@mail.com
P0044,Lisa Thomas,1968,Toronto,Canada,lisa.thomas68@mail.com
P0045,Thomas Davis,1943,Boston,USA,thomas.davis43@mail.com
P0046,Lisa Wilson,1994,Paris,France,lisa.wilson94@mail.com
P0047,Priya Martinez,1956,Munich,Germany,priya.martinez56@mail.com
P0048,Mary Martinez,1949,Lyon,France,mary.martinez49@mail.com
P0049,Elizabeth Martinez,1960,Boston,USA,elizabeth.martinez60@mail.com
P0050,Daniel Rodriguez,1956,Paris,France,daniel.rodriguez56@mail.com
P0051,Karen Johnson,1967,Madrid,Spain,karen.johnson67@mail.com
P0052,Thomas Garcia,2005,Paris,France,thomas.garcia5@mail.com
P0053,Joseph Miller,1984,Lyon,France,joseph.miller84@mail.com
P0054,William Thomas,1964,Chicago,USA,william.thomas64@mail.com
P0055,Patricia Taylor,1977,Toronto,Canada,patricia.taylor77@mail.com
P0056,Sarah Smith,1981,Madrid,Spain,sarah.smith81@mail.com
P0057,Joseph Martinez,1942,Berlin,Germany,joseph.martinez42@mail.com
P0058,William Wilson,1957,Mumbai,India,william.wilson57@mail.com
P0059,Jessica Miller,1974,Lyon,France,jessica.miller74@mail.com
P0060,Arjun Davis,1948,Paris,France,arjun.davis48@mail.com
P0061,Robert Jones,1961,Berlin,Germany,robert.jones61@mail.com
P0062,Karen Miller,1974,Mumbai,India,karen.miller74@mail.com
P0063,Nancy Rodriguez,1987,Mumbai,India,nancy.rodriguez87@mail.com
P0064,Richard Brown,1977,Munich,Germany,richard.brown77@mail.com
P0065,Nancy Kumar,1957,Madrid,Spain,nancy.kumar57@mail.com
P0066,Karen Brown,1981,Paris,France,karen.brown81@mail.com
P0067,Jessica Williams,1988,Berlin,Germany,jessica.williams88@mail.com
P0068,Michael Wilson,1954,Madrid,Spain,michael.wilson54@mail.com
P0069,Daniel Taylor,1949,Madrid,Spain,daniel.taylor49@mail.com
P0070,Karen Davis,1950,Chennai,India,karen.davis50@mail.com
P0071,Susan Martinez,1954,Chicago,USA,susan.martinez54@mail.com
P0072,David Brown,1945,Chennai,India,david.brown45@mail.com
P0073,John Smith,1951,Boston,USA,john.smith51@mail.com
P0074,Patricia Johnson,1964,Munich,Germany,patricia.johnson64@mail.com
P0075,Daniel Thomas,1960,Lyon,France,daniel.thomas60@mail.com
P0076,Thomas Garcia,1970,Berlin,Germany,thomas.garcia70@mail.com
P0077,Priya Brown,1995,Boston,USA,priya.brown95@mail.com
P0078,Karen Martinez,1972,Chicago,USA,karen.martinez72@mail.com
P0079,Richard Brown,1966,Mumbai,India,richard.brown66@mail.com
P0080,Mary Smith,1941,Chennai,India,mary.smith41@mail.com
P0081,Priya Wilson,1997,Boston,USA,priya.wilson97@mail.com
P0082,Richard Taylor,1948,Lyon,France,richard.taylor48@mail.com
P0083,Richard Moore,1954,Chennai,India,richard.moore54@mail.com
P0084,William Kumar,1985,Chennai,India,william.kumar85@mail.com
P0085,Jennifer Miller,1979,Munich,Germany,jennifer.miller79@mail.com
P0086,Linda Anderson,1950,Chennai,India,linda.anderson50@mail.com
P0087,Robert Moore,1951,Madrid,Spain,robert.moore51@mail.com
P0088,Matthew Wilson,1969,Boston,USA,matthew.wilson69@mail.com
P0089,Elizabeth Johnson,1981,Berlin,Germany,elizabeth.johnson81@mail.com
P0090,Richard Martinez,1971,Mumbai,India,richard.martinez71@mail.com
P0091,Patricia Williams,1971,Munich,Germany,patricia.williams71@mail.com
P0092,John Davis,1991,Lyon,France,john.davis91@mail.com
P0093,David Williams,1949,Paris,France,david.williams49@mail.com
P0094,Matthew Smith,1977,Mumbai,India,matthew.smith77@mail.com
P0095,Sarah Kumar,1959,Lyon,France,sarah.kumar59@mail.com
P0096,Charles Wilson,1949,Toronto,Canada,charles.wilson49@mail.com
P0097,Lisa Garcia,1962,Berlin,Germany,lisa.garcia62@mail.com
P0098,Michael Wilson,1979,Lyon,France,michael.wilson79@mail.com
P0099,Anthony Martinez,1956,Munich,Germany,anthony.martinez56@mail.com
P0100,Michael Johnson,1980,Madrid,Spain,michael.johnson80@mail.com
P0101,Lisa Miller,1962,Chennai,India,lisa.miller62@mail.com
P0102,Jessica Garcia,1946,Munich,Germany,jessica.garcia46@mail.com
P0103,David Williams,1997,Boston,USA,david.williams97@mail.com
P0104,Karen Rodriguez,1996,Toronto,Canada,karen.rodriguez96@mail.com
P0105,Thomas Smith,1990,Mumbai,India,thomas.smith90@mail.com
P0106,Jennifer Rodriguez,2002,Paris,France,jennifer.rodriguez2@mail.com
P0107,Matthew Thomas,1942,Paris,France,matthew.thomas42@mail.com
P0108,Anthony Anderson,1957,Madrid,Spain,anthony.anderson57@mail.com
P0109,Michael Jones,1973,Chennai,India,michael.jones73@mail.com
P0110,Joseph Taylor,1962,Madrid,Spain,joseph.taylor62@mail.com
P0111,Robert Davis,2002,Paris,France,robert.davis2@mail.com
P0112,Jennifer Wilson,2004,Chicago,USA,jennifer.wilson4@mail.com
P0113,Lisa Davis,1970,Mumbai,India,lisa.davis70@mail.com
P0114,Sarah Kumar,1968,Boston,USA,sarah.kumar68@mail.com
P0115,Richard Rodriguez,1968,Paris,France,richard.rodriguez68@mail.com
P0116,Robert Anderson,1960,Toronto,Canada,robert.anderson60@mail.com
P0117,Arjun Miller,1979,Chennai,India,arjun.miller79@mail.com
P0118,Anthony Martinez,1987,Berlin,Germany,anthony.martinez87@mail.com
P0119,Anthony Moore,1950,Lyon,France,anthony.moore50@mail.com
P0120,Nancy Taylor,1962,Berlin,Germany,nancy.taylor62@mail.com
P0121,David Thomas,1967,Madrid,Spain,david.thomas67@mail.com
P0122,Priya Johnson,2003,Boston,USA,priya.johnson3@mail.com
P0123,Anthony Anderson,1989,Toronto,Canada,anthony.anderson89@mail.com
P0124,Jennifer Johnson,1951,Chennai,India,jennifer.johnson51@mail.com
P0125,Matthew Brown,1974,Lyon,France,matthew.brown74@mail.com
P0126,Michael Williams,1996,Munich,Germany,michael.williams96@mail.com
P0127,Joseph Thomas,1990,Berlin,Germany,joseph.thomas90@mail.com
P0128,Richard Moore,1956,Madrid,Spain,richard.moore56@mail.com
P0129,Sarah Miller,1955,Boston,USA,sarah.miller55@mail.com
P0130,Nancy Thomas,1955,Chennai,India,nancy.thomas55@mail.com
P0131,David Davis,1988,Toronto,Canada,david.davis88@mail.com
P0132,John Miller,1996,Madrid,Spain,john.miller96@mail.com
P0133,John Smith,1971,Chennai,India,john.smith71@mail.com
P0134,William Garcia,1976,Berlin,Germany,william.garcia76@mail.com
P0135,Elizabeth Rodriguez,1997,Berlin,Germany,elizabeth.rodriguez97@mail.com
P0136,Karen Anderson,2002,Boston,USA,karen.anderson2@mail.com
P0137,Patricia Miller,1989,Munich,Germany,patricia.miller89@mail.com
P0138,Elizabeth Brown,1943,Lyon,France,elizabeth.brown43@mail.com
P0139,Daniel Smith,1977,Berlin,Germany,daniel.smith77@mail.com
P0140,Robert Anderson,1979,Boston,USA,robert.anderson79@mail.com
P0141,Charles Anderson,1981,Paris,France,charles.anderson81@mail.com
P0142,Patricia Moore,1997,Mumbai,India,patricia.moore97@mail.com
P0143,Elizabeth Taylor,1983,Madrid,Spain,elizabeth.taylor83@mail.com
P0144,Sarah Brown,1988,Boston,USA,sarah.brown88@mail.com
P0145,William Smith,1975,Madrid,Spain,william.smith75@mail.com
P0146,Priya Miller,1999,Madrid,Spain,priya.miller99@mail.com
P0147,Charles Thomas,1979,Berlin,Germany,charles.thomas79@mail.com
P0148,Thomas Miller,1986,Toronto,Canada,thomas.miller86@mail.com
P0149,John Taylor,1994,Boston,USA,john.taylor94@mail.com
P0150,Richard Williams,2003,Munich,Germany,richard.williams3@mail.com
P0151,Matthew Martinez,1942,Boston,USA,matthew.martinez42@mail.com
P0152,Priya Jones,1990,Chennai,India,priya.jones90@mail.com
P0153,Jennifer Williams,1941,Mumbai,India,jennifer.williams41@mail.com
P0154,David Thomas,1978,Berlin,Germany,david.thomas78@mail.com
P0155,Thomas Rodriguez,2002,Berlin,Germany,thomas.rodriguez2@mail.com
P0156,Thomas Johnson,1974,Toronto,Canada,thomas.johnson74@mail.com
P0157,Patricia Thomas,1948,Mumbai,India,patricia.thomas48@mail.com
P0158,Robert Moore,1942,Berlin,Germany,robert.moore42@mail.com
P0159,Charles Garcia,1951,Boston,USA,charles.garcia51@mail.com
P0160,Matthew Rodriguez,1978,Munich,Germany,matthew.rodriguez78@mail.com
P0161,Charles Miller,1970,Mumbai,India,charles.miller70@mail.com
P0162,Anthony Anderson,1999,Toronto,Canada,anthony.anderson99@mail.com
P0163,Karen Johnson,1961,Chennai,India,karen.johnson61@mail.com
P0164,Matthew Rodriguez,1985,Madrid,Spain,matthew.rodriguez85@mail.com
P0165,Priya Davis,1990,Toronto,Canada,priya.davis90@mail.com
P0166,Joseph Garcia,2001,Chennai,India,joseph.garcia1@mail.com
P0167,Nancy Wilson,1968,Chennai,India,nancy.wilson68@mail.com
P0168,Nancy Davis,1943,Madrid,Spain,nancy.davis43@mail.com
P0169,Joseph Wilson,1995,Munich,Germany,joseph.wilson95@mail.com
P0170,David Miller,1949,Berlin,Germany,david.miller49@mail.com
P0171,Daniel Moore,1958,Madrid,Spain,daniel.moore58@mail.com
P0172,David Moore,1960,Berlin,Germany,david.moore60@mail.com
P0173,Arjun Jones,1996,Mumbai,India,arjun.jones96@mail.com
P0174,Elizabeth Taylor,1970,Lyon,France,elizabeth.taylor70@mail.com
P0175,Anthony Miller,1979,Lyon,France,anthony.miller79@mail.com
P0176,Patricia Davis,1990,Mumbai,India,patricia.davis90@mail.com
P0177,Sarah Brown,1963,Paris,France,sarah.brown63@mail.com
P0178,Mary Smith,1967,Paris,France,mary.smith67@mail.com
P0179,Sarah Moore,1983,Chennai,India,sarah.moore83@mail.com
P0180,Patricia Garcia,1952,Munich,Germany,patricia.garcia52@mail.com
P0181,Joseph Davis,2003,Chicago,USA,joseph.davis3@mail.com
P0182,Joseph Garcia,1969,Munich,Germany,joseph.garcia69@mail.com
P0183,Elizabeth Moore,1989,Munich,Germany,elizabeth.moore89@mail.com
P0184,Thomas Rodriguez,1982,Chicago,USA,thomas.rodriguez82@mail.com
P0185,Daniel Brown,1967,Lyon,France,daniel.brown67@mail.com
P0186,Mary Smith,1940,Chicago,USA,mary.smith40@mail.com
P0187,Richard Taylor,1976,Munich,Germany,richard.taylor76@mail.com
P0188,Joseph Garcia,1959,Paris,France,joseph.garcia59@mail.com
P0189,Lisa Johnson,1988,Chennai,India,lisa.johnson88@mail.com
P0190,Michael Williams,1999,Chennai,India,michael.williams99@mail.com
P0191,John Johnson,1947,Toronto,Canada,john.johnson47@mail.com
P0192,Michael Johnson,1975,Lyon,France,michael.johnson75@mail.com
P0193,Jessica Williams,1964,Paris,France,jessica.williams64@mail.com
P0194,Sarah Jones,1975,Munich,Germany,sarah.jones75@mail.com
P0195,Lisa Moore,1989,Mumbai,India,lisa.moore89@mail.com
P0196,Matthew Rodriguez,1973,Munich,Germany,matthew.rodriguez73@mail.com
P0197,Linda Johnson,1962,Mumbai,India,linda.johnson62@mail.com
P0198,Jessica Johnson,1985,Toronto,Canada,jessica.johnson85@mail.com
P0199,Jessica Miller,1994,Lyon,France,jessica.miller94@mail.com
P0200,Anthony Rodriguez,1949,Chennai,India,anthony.rodriguez49@mail.com
P0201,Jennifer Brown,1959,Paris,France,jennifer.brown59@mail.com
P0202,William Thomas,1945,Paris,France,william.thomas45@mail.com
P0203,Matthew Williams,2005,Chicago,USA,matthew.williams5@mail.com
P0204,Charles Anderson,1952,Mumbai,India,charles.anderson52@mail.com
P0205,Mary Jones,1944,Chicago,USA,mary.jones44@mail.com
P0206,Lisa Jones,1990,Chicago,USA,lisa.jones90@mail.com
P0207,John Rodriguez,1951,Chennai,India,john.rodriguez51@mail.com
P0208,Richard Williams,1978,Paris,France,richard.williams78@mail.com
P0209,Joseph Johnson,1973,Mumbai,India,joseph.johnson73@mail.com
P0210,Priya Jones,1973,Boston,USA,priya.jones73@mail.com
P0211,Patricia Martinez,1952,Boston,USA,patricia.martinez52@mail.com
P0212,Linda Miller,1982,Mumbai,India,linda.miller82@mail.com
P0213,Charles Taylor,2001,Lyon,France,charles.taylor1@mail.com
P0214,Michael Moore,1943,Chennai,India,michael.moore43@mail.com
P0215,Priya Garcia,1965,Mumbai,India,priya.garcia65@mail.com
P0216,Joseph Wilson,1952,Boston,USA,joseph.wilson52@mail.com
P0217,Susan Jones,1948,Paris,France,susan.jones48@mail.com
P0218,Elizabeth Wilson,1993,Chennai,India,elizabeth.wilson93@mail.com
P0219,Richard Anderson,1974,Mumbai,India,richard.anderson74@mail.com
P0220,Priya Smith,1955,Berlin,Germany,priya.smith55@mail.com
P0221,Richard Wilson,1981,Madrid,Spain,richard.wilson81@mail.com
P0222,Robert Moore,1975,Chicago,USA,robert.moore75@mail.com
P0223,Thomas Anderson,1988,Lyon,France,thomas.anderson88@mail.com
P0224,Daniel Johnson,1957,Paris,France,daniel.johnson57@mail.com
P0225,Charles Kumar,1972,Munich,Germany,charles.kumar72@mail.com
P0226,Anthony Wilson,1986,Mumbai,India,anthony.wilson86@mail.com
P0227,Joseph Martinez,1999,Madrid,Spain,joseph.martinez99@mail.com
P0228,Richard Garcia,1943,Berlin,Germany,richard.garcia43@mail.com
P0229,David Davis,1957,Lyon,France,david.davis57@mail.com
P0230,Jennifer Thomas,1946,Lyon,France,jennifer.thomas46@mail.com
P0231,Karen Rodriguez,1953,Munich,Germany,karen.rodriguez53@mail.com
P0232,David Williams,1950,Lyon,France,david.williams50@mail.com
P0233,William Garcia,2005,Boston,USA,william.garcia5@mail.com
P0234,John Anderson,2002,Chennai,India,john.anderson2@mail.com
P0235,Linda Miller,2003,Munich,Germany,linda.miller3@mail.com
P0236,Jessica Moore,1986,Toronto,Canada,jessica.moore86@mail.com
P0237,William Kumar,1949,Chennai,India,william.kumar49@mail.com
P0238,Jessica Miller,1941,Toronto,Canada,jessica.miller41@mail.com
P0239,Arjun Taylor,2005,Chicago,USA,arjun.taylor5@mail.com
P0240,Robert Taylor,2005,Madrid,Spain,robert.taylor5@mail.com
P0241,Daniel Thomas,1945,Mumbai,India,daniel.thomas45@mail.com
P0242,Thomas Smith,1964,Chennai,India,thomas.smith64@mail.com
P0243,Anthony Smith,1955,Chennai,India,anthony.smith55@mail.com
P0244,Charles Wilson,1976,Toronto,Canada,charles.wilson76@mail.com
P0245,Jessica Thomas,1979,Chicago,USA,jessica.thomas79@mail.com
P0246,Elizabeth Jones,2004,Chicago,USA,elizabeth.jones4@mail.com
P0247,Daniel Jones,1960,Chennai,India,daniel.jones60@mail.com
P0248,Matthew Smith,1994,Madrid,Spain,matthew.smith94@mail.com
P0249,Mary Anderson,1993,Boston,USA,mary.anderson93@mail.com
P0250,Elizabeth Smith,1951,Lyon,France,elizabeth.smith51@mail.com
P0251,John Taylor,1974,Chicago,USA,john.taylor74@mail.com
P0252,David Anderson,2001,Mumbai,India,david.anderson1@mail.com
P0253,Joseph Moore,1954,Chicago,USA,joseph.moore54@mail.com
P0254,Susan Jones,1993,Berlin,Germany,susan.jones93@mail.com
P0255,John Garcia,1973,Mumbai,India,john.garcia73@mail.com
P0256,Michael Martinez,1992,Chennai,India,michael.martinez92@mail.com
P0257,Charles Martinez,1993,Chennai,India,charles.martinez93@mail.com
P0258,Jessica Wilson,2002,Munich,Germany,jessica.wilson2@mail.com
P0259,Anthony Kumar,1991,Boston,USA,anthony.kumar91@mail.com
P0260,Robert Williams,1956,Munich,Germany,robert.williams56@mail.com
P0261,Michael Davis,1943,Lyon,France,michael.davis43@mail.com
P0262,David Jones,2001,Lyon,France,david.jones1@mail.com
P0263,Joseph Garcia,1940,Lyon,France,joseph.garcia40@mail.com
P0264,Jessica Johnson,1967,Toronto,Canada,jessica.johnson67@mail.com
P0265,Jessica Anderson,1946,Lyon,France,jessica.anderson46@mail.com
P0266,Priya Thomas,1955,Chennai,India,priya.thomas55@mail.com
P0267,Lisa Rodriguez,1962,Chicago,USA,lisa.rodriguez62@mail.com
P0268,Anthony Johnson,1967,Lyon,France,anthony.johnson67@mail.com
P0269,Joseph Brown,1997,Chennai,India,joseph.brown97@mail.com
P0270,Lisa Kumar,1990,Lyon,France,lisa.kumar90@mail.com
P0271,Nancy Kumar,1953,Berlin,Germany,nancy.kumar53@mail.com
P0272,Joseph Miller,1961,Toronto,Canada,joseph.miller61@mail.com
P0273,David Thomas,1976,Chicago,USA,david.thomas76@mail.com
P0274,Matthew Miller,1983,Chicago,USA,matthew.miller83@mail.com
P0275,Patricia Smith,1984,Chennai,India,patricia.smith84@mail.com
P0276,Mary Moore,1978,Lyon,France,mary.moore78@mail.com
P0277,Linda Rodriguez,1974,Munich,Germany,linda.rodriguez74@mail.com
P0278,Jessica Jones,1956,Chennai,India,jessica.jones56@mail.com
P0279,William Thomas,1947,Toronto,Canada,william.thomas47@mail.com
P0280,Nancy Jones,1992,Chennai,India,nancy.jones92@mail.com
P0281,David Kumar,1979,Chennai,India,david.kumar79@mail.com
P0282,Sarah Miller,2003,Mumbai,India,sarah.miller3@mail.com
P0283,Nancy Kumar,1970,Mumbai,India,nancy.kumar70@mail.com
P0284,Jennifer Garcia,1997,Toronto,Canada,jennifer.garcia97@mail.com
P0285,Michael Johnson,2004,Mumbai,India,michael.johnson4@mail.com
P0286,Charles Jones,1967,Mumbai,India,charles.jones67@mail.com
P0287,Nancy Kumar,2001,Mumbai,India,nancy.kumar1@mail.com
P0288,Patricia Jones,1957,Chennai,India,patricia.jones57@mail.com
P0289,Linda Williams,1946,Madrid,Spain,linda.williams46@mail.com
P0290,Jennifer Brown,1968,Madrid,Spain,jennifer.brown68@mail.com
P0291,William Martinez,1994,Mumbai,India,william.martinez94@mail.com
P0292,John Smith,1979,Madrid,Spain,john.smith79@mail.com
P0293,Linda Williams,1968,Chennai,India,linda.williams68@mail.com
P0294,Lisa Wilson,1974,Madrid,Spain,lisa.wilson74@mail.com
P0295,Priya Taylor,1942,Lyon,France,priya.taylor42@mail.com
P0296,Richard Anderson,1957,Lyon,France,richard.anderson57@mail.com
P0297,David Jones,1945,Mumbai,India,david.jones45@mail.com
P0298,Robert Williams,1953,Chennai,India,robert.williams53@mail.com
P0299,Richard Davis,1974,Toronto,Canada,richard.davis74@mail.com
