record_id,name,birth_year,city,country,email
R00000,Joseph Moore,1954,Cicago,USA,joseph.moore54@mail.com
R00001,Sarah Kumar,1959,Lyon,France,sarah.kumar59@mail.com
R00002,Richard Taylor,1977,Munich,Germany,richard.taylor76@mail.com
R00003,William Thomas,1964,Chicago,USA,william.thomas64@mail.com
R00004,Anthony Smith,1955,Chennai,India,anthony.smith55@mail.com
R00005,John Smith,1979,Madrid,Spain,john.smith79@mail.com
R00006,Richard Rodriguez,1968,Paris,France,richard.rodriguez68@mail.com
R00007,Bill Thomas,1947,Toronto,Canada,
R00008,David Moore,1960,Berlin,Germany,david.moore60@mail.com
R00009,Joseph Wilson,1952,Boston,USA,joseph.wilson52@mail.com
R00010,Joe Wilson,1952,Boston,USA,
R00011,"Martinez, Matthew",1942,Boston,USA,matthew.martinez42@mail.com
R00012,Susan Anderson,1951,Chicago,USA,susan.anderson51@mail.com
R00013,Matthew Martinez,1955,Mumbai,India,matthew.martinez55@mail.com
R00014,Lisa Davis,1970,Mumbai,India,lisa.davis70@mail.com
R00015,Richard Williams,1978,Paris,France,richard.williams78@mail.com
R00016,Richard Martinez,1971,Mumbai,India,richard.martinez71@mail.com
R00017,Linda Rodriguez,1974,Munich,Germany,linda.rodriguez74@mail.com
R00018,"Williams, Michael",1996,Munich,Germany,michael.williams96@mail.com
R00019,John Smith,1951,Boston,USA,john.smith51@mail.com
R00020,Anthony Anderson,1989,Toronto,Canada,anthony.anderson89@mail.com
R00021,Tony Smith,1955,Chennai,India,
R00022,Patricia Thomas,1948,Mumbai,Germany,patricia.thomas48@mail.com
R00023,Mary Martinez,1949,Lyon,France,mary.martinez49@mail.com
R00024,Priya Marainez,1956,Munich,Germany,priya.martinez56@mail.com
R00025,Thomas Davis,1943,Boston,USA,thomas.davis43@mail.com
R00026,N. Kumar,2001,Mumbai,India,
R00027,David Davis,1988,Toronto,Canada,david.davis88@mail.com
R00028,Richard Garia,1943,Berlin,Germany,richard.garcia43@mail.com
R00029,Charles Jones,1967,Mumbai,India,charles.jones67@mail.com
R00030,David Johnson,1949,Lyon,France,david.johnson49@mail.com
R00031,Jennifer Rodriguez,1977,Chicago,USA,jennifer.rodriguez77@mail.com
R00032,John Miller,1996,Madrid,Spain,john.miller96@mail.com
R00033,Daniel Smith,1977,Berlin,Germany,daniel.smith77@mail.com
R00034,Sarah Smith,1981,Madrid,Spain,sarah.smith81@mail.com
R00035,Jennifer Anderson,1977,Lyon,France,jennifer.anderson77@mail.com
R00036,Jessica Jones,1956,Chennai,India,jessica.jones56@mail.com
R00037,Rbert Williams,1956,Munich,Germany,robert.williams56@mail.com
R00038,Karen Garcia,1951,Toronto,Canada,karen.garcia51@mail.com
R00039,Mary Anderson,1993,Boston,USA,mary.anderson93@mail.com
R00040,Patricia Johnson,1964,Munich,Germany,patricia.johnson64@mail.com
R00041,Lisa Rodriguez,1962,Chicago,USA,lisa.rodriguez62@mail.com
R00042,Sarah Johnson,1979,Madrid,Spain,sarah.johnson79@mail.com
R00043,Nancy Wilson,1968,Chennai,India,nancy.wilson68@mail.com
R00044,N. Kumar,1957,Madrid,Spain,
R00045,David Williams,1952,Lyon,France,david.williams50@mail.com
R00046,Jennifer Garcia,1972,Toronto,Canada,jennifer.garcia72@mail.com
R00047,Charles Kumar,1972,Munich,Germany,charles.kumar72@mail.com
R00048,Michael Jones,1973,Chennai,India,michael.jones73@mail.com
R00049,Karen Davis,1991,Tooronto,Canada,karen.davis91@mail.com
R00050,Roberrt Jones,1961,Berlin,Germany,robert.jones61@mail.com
R00051,Lisa Brown,1960,Toronto,Canada,lisa.brown60@mail.com
R00052,Srah Johnson,1979,Madrid,Spain,sarah.johnson79@mail.com
R00053,Robert Anderson,1960,Toronto,Canada,robert.anderson60@mail.com
R00054,Richhard Moore,1954,Chennai,India,richard.moore54@mail.com
R00055,Patricia Jones,1957,Chennai,India,patricia.jones57@mail.com
R00056,David Thomas,1976,Chicago,USA,david.thomas76@mail.com
R00057,Michael Moore,1942,Chennai,India,michael.moore43@mail.com
R00058,Thomas Johnson,1974,Toronto,Canada,thomas.johnson74@mail.com
R00059,David Williams,1949,Paris,France,david.williams49@mail.com
R00060,Pryia Taylor,1942,Lyon,France,priya.taylor42@mail.com
R00061,Nancy Taylor,1962,Berlin,Germany,nancy.taylor62@mail.com
R00062,Michael Wilson,1954,Madrid,Spain,michael.wilson54@mail.com
R00063,Jessica Anderson,1946,Lyon,France,jessica.anderson46@mail.com
R00064,Jessica Johnson,1985,Toronto,Canada,jessica.johnson85@mail.com
R00065,Lisa Miller,1962,Chennai,India,lisa.miller62@mail.com
R00066,Daniel Thomas,1960,Lyon,France,daniel.thomas60@mail.com
R00067,David Williams,1997,Boston,USA,david.williams97@mail.com
R00068,John Taylor,1958,Paris,France,
R00069,Patricia Garcia,1952,Munich,Germany,patricia.garcia52@mail.com
R00070,Mary Smith,1967,Paris,France,mary.smith67@mail.com
R00071,Matthew Martinez,1942,Boston,India,matthew.martinez42@mail.com
R00072,Patricia Rodriguez,2005,Munich,Germany,patricia.rodriguez5@mail.com
R00073,Thomas Rodriguez,2002,Berlin,Germany,thomas.rodriguez2@mail.com
R00074,William Kumar,1985,Chennai,India,william.kumar85@mail.com
R00075,Daniel Johnson,1957,Paris,France,daniel.johnson57@mail.com
R00076,Jessica Williams,1964,,France,jessica.williams64@mail.com
R00077,Richard Moore,1959,Chennai,India,richard.moore54@mail.com
R00078,John Garcia,1973,Mumbai,India,john.garcia73@mail.com
R00079,Matthew Wilson,1969,Boston,USA,matthew.wilson69@mail.com
R00080,Anthony Kumar,1991,Boston,USA,anthony.kumar91@mail.com
R00081,Joseph Thomas,1940,Chicago,USA,joseph.thomas40@mail.com
R00082,"Brown, Priya",1995,Boston,USA,priya.brown95@mail.com
R00083,P. Jones,1957,Chennai,India,patricia.jones57@mail.com
R00084,Lnda Rodriguez,1974,Munich,Germany,
R00085,T. Johnson,1974,Toronto,Canada,
R00086,Robert Williams,1953,Chennai,India,robert.williams53@mail.com
R00087,A. Taylor,2005,Chicago,USA,
R00088,Anthony Johnson,1967,Lyon,France,anthony.johnson67@mail.com
R00089,Daniel Brown,1967,Lyon,France,daniel.brown67@mail.com
R00090,Nancy Kumar,2001,Mumbai,India,nancy.kumar1@mail.com
R00091,Lisa Kumar,1990,Lyon,France,lisa.kumar90@mail.com
R00092,Priya Garcia,1965,Mumbi,India,priya.garcia65@mail.com
R00093,Elizabeth Brown,1943,Lyon,France,elizabeth.brown43@mail.com
R00094,David Jones,2001,Lyyon,France,david.jones1@mail.com
R00095,Jessica Thomas,1979,Chicago,USA,jessica.thomas79@mail.com
R00096,Elizabeht Martinez,2003,Toronto,Canada,elizabeth.martinez3@mail.com
R00097,David Davis,1957,Lyon,France,david.davis57@mail.com
R00098,Joe Thomas,1940,Chicago,USA,
R00099,R. Martinez,1971,Mumbai,India,
R00100,Matthew Rodriguez,1985,Madrid,Spain,matthew.rodriguez85@mail.com
R00101,Arjun Taylor,2005,Chicago,USA,arjun.taylor5@mail.com
R00102,Nancy Smith,1969,Berlin,Germany,nancy.smith69@mail.com
R00103,D. Taylor,1949,Madrid,Spain,daniel.taylor49@mail.com
R00104,Linda Williams,1968,Cheanai,India,linda.williams68@mail.com
R00105,Nancy Jones,1992,Chennai,Spain,nancy.jones92@mail.com
R00106,Joseph Garcia,1959,Paris,France,joseph.garcia59@mail.com
R00107,Charles Garcia,1951,Boston,USA,charles.garcia51@mail.com
R00108,Michael Williams,1996,Munich,Germany,michael.williams96@mail.com
R00109,LINDA WILLIAMS,1968,Chennai,India,linda.williams68@mail.com
R00110,Richard Anderson,1957,Lyon,France,richard.anderson57@mail.com
R00111,Nancy Davis,1943,Madrid,Spain,nancy.davis43@mail.com
R00112,Aethony Anderson,1989,Toronto,Canada,anthony.anderson89@mail.com
R00113,Richard Wilson,1981,Madrid,Spain,richard.wilson81@mail.com
R00114,Anthony Wilson,2003,Chicago,USA,anthony.wilson3@mail.com
R00115,Patricia Martinez,1952,Boston,USA,patricia.martinez52@mail.com
R00116,Joseph Miller,1966,Toronto,Canada,joseph.miller61@mail.com
R00117,Karen Johnson,1961,Chennai,India,karen.johnson61@mail.com
R00118,Daniel Rodriguez,1956,Paris,France,daniel.rodriguez56@mail.com
R00119,David Anderson,2001,Mumbai,India,david.anderson1@mail.com
R00120,Lisa Wilson,1994,Paris,France,lisa.wilson94@mail.com
R00121,William Garcia,2005,Boston,USA,william.garcia5@mail.com
R00122,Patricia Williams,1971,Munich,Germany,patricia.williams71@mail.com
R00123,Priya Garcia,1997,Toronto,Canada,priya.garcia97@mail.com
R00124,Elizabeth Johnson,1981,Berlin,Germany,elizabeth.johnson81@mail.com
R00125,David Davis,1953,Mumbai,India,david.davis53@mail.com
R00126,Elizabeth Moore,1989,Munich,Germany,elizabeth.moore89@mail.com
R00127,Mary Moore,1978,Lyon,France,mary.moore78@mail.com
R00128,Nancy Kumar,1953,Berlin,Germany,nancy.kumar53@mail.com
R00129,Thmoas Miller,1986,Toronto,Canada,thomas.miller86@mail.com
R00130,William Wilson,1957,Mumbai,India,william.wilson57@mail.com
R00131,Priya Taylor,1942,Lyon,France,priya.taylor42@mail.com
R00132,Daniel Taylor,1961,Berlin,Germany,daniel.taylor61@mail.com
R00133,Matthew Thomas,1942,Paris,France,matthew.thomas42@mail.com
R00134,Thomas Smith,1964,Chennai,India,thomas.smith64@mail.com
R00135,Robert Moore,1942,Berlin,Germany,robert.moore42@mail.com
R00136,Lisa Jones,1990,Chicago,USA,lisa.jones90@mail.com
R00137,David Jones,1945,Mumbai,India,david.jones45@mail.com
R00138,Karen Martinez,1972,Chcago,USA,karen.martinez72@mail.com
R00139,Jessica Moore,1986,Toronto,Canada,jessica.moore86@mail.com
R00140,Priya Smith,1968,Chicago,USA,priya.smith68@mail.com
R00141,Robert Taylor,2005,Madrid,Spain,robert.taylor5@mail.com
R00142,Joon Smith,1951,Boston,USA,
R00143,Arjun Davis,1950,Paris,France,arjun.davis48@mail.com
R00144,"Garcia, Patricia",1952,Munich,Germany,patricia.garcia52@mail.com
R00145,Anthony Rodriguez,1949,Chennai,India,anthony.rodriguez49@mail.com
R00146,Karen Miller,1974,Mumbai,India,karen.miller74@mail.com
R00147,Mary Smith,1941,Chennai,India,mary.smith41@mail.com
R00148,Anthony Wilson,1986,Mumbai,India,anthony.wilson86@mail.com
R00149,Jessica Wilson,2002,Munich,Germany,jessica.wilson2@mail.com
R00150,Daniel Moore,1958,Madrid,Spain,daniel.moore58@mail.com
R00151,Patricia Miller,1989,Munich,Germany,patricia.miller89@mail.com
R00152,William Brown,2002,Paris,France,william.brown2@mail.com
R00153,Sarah Brown,1963,Paris,France,sarah.brown63@mail.com
R00154,Jennifer Williams,1941,Mumbai,India,jennifer.williams41@mail.com
R00155,Lisa Johnson,1988,Chennai,India,lisa.johnson88@mail.com
R00156,Elizabeth Jones,2004,Chicago,USA,elizabeth.jones4@mail.com
R00157,Anthony Martinez,1956,Munich,Germany,anthony.martinez56@mail.com
R00158,Elizabeth Martinez,1960,Boston,USA,elizabeth.martinez60@mail.com
R00159,John Taylor,1994,Boston,USA,john.taylor94@mail.com
R00160,John Anderson,2002,Chennai,India,john.anderson2@mail.com
R00161,Jen Rodriguez,1977,Chicago,USA,jennifer.rodriguez77@mail.com
R00162,Matthew Rodriguez,1973,Munich,Germany,matthew.rodriguez73@mail.com
R00163,Michael Johnson,2004,Mumbai,India,michael.johnson4@mail.com
R00164,Susan Smith,1982,Chicago,USA,susan.smith82@mail.com
R00165,Robert Davis,2002,Paris,France,robert.davis2@mail.com
R00166,Anthony Anderson,1999,Toronto,Canada,anthony.anderson99@mail.com
R00167,Sarah Jones,1975,Munich,Germany,sarah.jones75@mail.com
R00168,Richard Brown,1977,Munich,Germany,richard.brown77@mail.com
R00169,Matthew Rodriguez,1978,Munich,Germany,matthew.rodriguez78@mail.com
R00170,J. Miller,1991,Lyon,France,jessica.miller94@mail.com
R00171,Priya Brown,1995,Boston,USA,priya.brown95@mail.com
R00172,Joseph Garcia,1971,Munich,Germany,joseph.garcia69@mail.com
R00173,Lisa Davis,1998,Chennai,India,lisa.davis98@mail.com
R00174,Charles Wilson,1976,Toronto,Canada,charles.wilson76@mail.com
R00175,Jessica Miller,1974,Lyon,France,jessica.miller74@mail.com
R00176,Mary Jones,1944,Chicago,USA,mary.jones44@mail.com
R00177,Linda Johnson,1962,Mumbai,India,linda.johnson62@mail.com
R00178,John Thomas,1952,Berlin,Germany,john.thomas52@mail.com
R00179,Charles Anderson,1981,Paris,France,charles.anderson81@mail.com
R00180,Charles Davis,1941,Munich,Germany,charles.davis41@mail.com
R00181,Arjun Miller,1979,Chenani,India,arjun.miller79@mail.com
R00182,Jennifer Brown,1968,Madrid,Spain,jennifer.brown68@mail.com
R00183,Sarah Moore,1983,Chennai,India,sarah.moore83@mail.com
R00184,Linda Miller,2003,Munich,Germany,linda.miller3@mail.com
R00185,Elizabeth Taylor,1970,Lyon,France,elizabeth.taylor70@mail.com
R00186,Patricia Smith,1984,Chennai,India,patricia.smith84@mail.com
R00187,Priya Thomas,1955,Chennai,India,priya.thomas55@mail.com
R00188,RICHARD BROWN,1966,Mumbai,India,richard.brown66@mail.com
R00189,S. Miller,2003,Mumboi,India,
R00190,Jessica Kumar,1985,Boston,USA,jessica.kumar85@mail.com
R00191,"Taylor, Charles",2001,Lyon,France,charles.taylor1@mail.com
R00192,Joseph Johnson,1970,Mumbai,India,joseph.johnson73@mail.com
R00193,Anthony Moore,1950,Lyon,France,anthony.moore50@mail.com
R00194,Priya Smith,1955,Berlin,Germany,priya.smith55@mail.com
R00195,J. Smith,1971,Chennai,India,
R00196,Joseph Anderson,2002,Paris,France,joseph.anderson2@mail.com
R00197,MARY SMITH,1967,Paris,France,
R00198,Matthew Brown,1974,,France,matthew.brown74@mail.com
R00199,Richard Williams,2003,Munich,Germany,richard.williams3@mail.com
R00200,David Thomas,1967,Madrid,Spain,david.thomas67@mail.com
R00201,Lisa Moore,1989,Mumbai,India,lisa.moore89@mail.com
R00202,Joseph Davis,2003,Chicago,USA,joseph.davis3@mail.com
R00203,Anthony Anderson,1957,Madrid,Spain,anthony.anderson57@mail.com
R00204,Sarah Davis,1984,Munich,Germany,sarah.davis84@mail.com
R00205,Matt Martinez,1955,Mumbai,India,
R00206,Jennifer Garcia,1996,Toronto,Canada,jennifer.garcia97@mail.com
R00207,Richard Brown,1966,Mumbai,India,richard.brown66@mail.com
R00208,Joseph Taylor,1962,Madrid,Spain,joseph.taylor62@mail.com
R00209,Sarah Kumar,N/A,Boston,USA,sarah.kumar68@mail.com
R00210,Priya Davis,1990,Toronto,Canada,priya.davis90@mail.com
R00211,Jessica Garcia,1946,Munich,Germany,jessica.garcia46@mail.com
R00212,William Kumar,1949,Chennai,India,william.kumar49@mail.com
R00213,Nancy Rodriguez,1987,Mumbai,India,nancy.rodriguez87@mail.com
R00214,Sraah Davis,1984,Munich,Germany,
R00215,Elizabeth Smith,1951,Lyon,France,elizabeth.smith51@mail.com
R00216,Patricia Taylor,1977,Toronto,Canada,patricia.taylor77@mail.com
R00217,Susan Jones,1948,Paris,France,susan.jones48@mail.com
R00218,William Thomas,1945,Paris,France,william.thomas45@mail.com
R00219,Richord Taylor,1948,Lyon,France,
R00220,Elizabeth Rodriguez,1997,Berlin,Germany,elizabeth.rodriguez97@mail.com
R00221,Richard Moore,1956,Madrid,Spain,richard.moore56@mail.com
R00222,William Thomas,1947,Toronto,Canada,william.thomas47@mail.com
R00223,John Moore,1941,Chennai,India,john.moore41@mail.com
R00224,John Davis,1991,,France,john.davis91@mail.com
R00225,Charles Thomas,1979,Berlin,Germany,charles.thomas79@mail.com
R00226,Charles Martinez,1993,Chennai,India,charles.martinez93@mail.com
R00227,JENNIFER ANDERSON,1976,Lyon,France,
R00228,Priya Taylor,1993,N/A,Germany,priya.taylor93@mail.com
R00229,"Johnson, Jessica",1985,Toronto,Canada,
R00230,Linda Anderson,1950,Chennai,India,linda.anderson50@mail.com
R00231,Daniel Taylor,1949,Madrid,Spain,daniel.taylor49@mail.com
R00232,Charles Wilson,1949,Toronto,Canada,charles.wilson49@mail.com
R00233,Joseph Miller,1985,Lyon,France,joseph.miller84@mail.com
R00234,William Garcia,1973,Berlin,Germany,william.garcia76@mail.com
R00235,Rchard Rodriguez,1968,Paris,France,
R00236,Jessica Miller,1940,Toronto,Canada,jessica.miller41@mail.com
R00237,Jessica Johnson,1967,Toronto,Canada,jessica.johnson67@mail.com
R00238,Thomas Smith,1990,Mumbai,India,thomas.smith90@mail.com
R00239,Robert Moore,1975,Chicago,USA,robert.moore75@mail.com
R00240,Richard Davis,1974,Tronto,Canada,richard.davis74@mail.com
R00241,John Smith,1943,Toronto,Canada,john.smith43@mail.com
R00242,Joseph Martinez,1999,Madrid,Spain,joseph.martinez99@mail.com
R00243,Karen Johnson,1967,Madrid,Spain,karen.johnson67@mail.com
R00244,William Smith,1975,Madrid,Spain,william.smith75@mail.com
R00245,Matthew Miller,1983,Chicago,USA,matthew.miller83@mail.com
R00246,Karen Brown,1981,Paris,France,karen.brown81@mail.com
R00247,Matthew Smith,1977,Mumbai,India,matthew.smith77@mail.com
R00248,Joseph Brown,1997,Chennai,India,joseph.brown97@mail.com
R00249,Micheal Martinez,1992,Chennai,India,
R00250,Joseph Garcia,1940,Lyon,France,joseph.garcia40@mail.com
R00251,Patricia Moore,1997,Mumbai,India,patricia.moore97@mail.com
R00252,Sarah Miller,2003,Mumbai,India,sarah.miller3@mail.com
R00253,Lisa Thomas,1968,Toronto,USA,lisa.thomas68@mail.com
R00254,Susan Anderson,2003,Chennai,India,susan.anderson98@mail.com
R00255,Jennifer Johnson,1951,Chennai,India,
R00256,Michael Wilson,1979,Lyon,France,michael.wilson79@mail.com
R00257,Susan Martinez,1954,Chicago,USA,susan.martinez54@mail.com
R00258,Elizabeth Wilson,1993,Chennai,India,elizabeth.wilson93@mail.com
R00259,Linda Williams,1946,Madrid,USA,linda.williams46@mail.com
R00260,David Miller,1949,Berlin,Germany,david.miller49@mail.com
R00261,Karen Rodriguez,1953,Munich,Germany,karen.rodriguez53@mail.com
R00262,Jennnifer Wilson,2004,Chicago,USA,jennifer.wilson4@mail.com
R00263,"Miller, Joesph",1961,Toronto,Canada,
R00264,Michael Martinez,1992,Chennai,India,michael.martinez92@mail.com
R00265,Jennifer Rodriguez,2002,Paris,France,jennifer.rodriguez2@mail.com
R00266,Patricia Smith,1979,Boston,USA,patricia.smith79@mail.com
R00267,Richard Taylor,1948,Lyon,,richard.taylor48@mail.com
R00268,Jennifer Miller,1979,Munich,Germany,jennifer.miller79@mail.com
R00269,Elizabeeth Taylor,1988,Madrid,N/A,elizabeth.taylor83@mail.com
R00270,J. Miller,1979,Munich,Germany,jennifer.miller79@mail.com
R00271,Daniel Jones,1960,Chennai,India,daniel.jones60@mail.com
R00272,R. Anderson,1974,Mumbai,India,
R00273,Priya Johnson,2003,Boston,USA,priya.johnson3@mail.com
R00274,Jen Thomas,1946,Lyon,France,
R00275,John Smtih,1971,Chennai,India,john.smith71@mail.com
R00276,Nancy Thomas,1955,Chennai,India,nancy.thomas55@mail.com
R00277,Priya Jones,1990,Chennai,India,priya.jones90@mail.com
R00278,Sarah Brown,1988,Boston,N/A,sarah.brown88@mail.com
R00279,Anthony Miller,1979,Lyon,France,anthony.miller79@mail.com
R00280,Linda Miller,1981,Mumbai,India,linda.miller82@mail.com
R00281,Daniel Thomas,1945,Mumbai,India,daniel.thomas45@mail.com
R00282,Robert Moore,1951,Madrid,Spain,robert.moore51@mail.com
R00283,Nancy Kumar,1957,Madrid,Spain,nancy.kumar57@mail.com
R00284,Lisa Wilson,1974,N/A,India,lisa.wilson74@mail.com
R00285,William Martinez,1994,Mumbai,India,william.martinez94@mail.com
R00286,Joe Brown,1997,Chennai,India,joseph.brown97@mail.com
R00287,Priyya Martinez,1956,Munich,Germany,
R00288,Karen Davis,1950,Chennai,India,karen.davis50@mail.com
R00289,Davod Williams,1950,Lyon,France,david.williams50@mail.com
R00290,Priya Jones,1973,Boston,USA,priya.jones73@mail.com
R00291,Michael Miller,1994,Paris,France,michael.miller94@mail.com
R00292,Nancy Thomas,1942,Munich,Germany,nancy.thomas42@mail.com
R00293,Karen Rodriguez,1996,Toronto,Canada,karen.rodriguez96@mail.com
R00294,Davd Kumar,1979,Chennai,India,david.kumar79@mail.com
R00295,Nancy Kumar,1970,Mumbai,USA,nancy.kumar70@mail.com
R00296,Charles Anderson,1952,Mumbai,India,charles.anderson52@mail.com
R00297,Joseph Johnson,2001,Munich,Germany,joseph.johnson1@mail.com
R00298,Dniel Thomas,1960,Lyon,France,
R00299,John Johnson,1947,Toronto,Canada,john.johnson47@mail.com
R00300,Lisa Garcia,1962,Berlin,Germany,lisa.garcia62@mail.com
R00301,Liaa Moore,1989,Mumbai,India,
R00302,Michael Davis,1943,Lyon,France,michael.davis43@mail.com
R00303,Thomas Anderson,1988,Lyun,France,thomas.anderson88@mail.com
R00304,Karen Anderson,2002,Boston,USA,karen.anderson2@mail.com
R00305,Joseph Thomas,1990,Berlin,Germany,joseph.thomas90@mail.com
R00306,Thomas Garcia,1972,Berlin,Germany,thomas.garcia70@mail.com
R00307,Priya Miller,1999,Madrid,Spain,priya.miller99@mail.com
R00308,Sarah Anderson,1965,Toronto,Canada,sarah.anderson65@mail.com
R00309,Thomas Garcia,2005,Paris,France,thomas.garcia5@mail.com
R00310,C. Jones,1967,Mumbai,Germany,
R00311,Lisa Smith,1989,Toronto,Canada,lisa.smith89@mail.com
R00312,Robert Anderson,1979,Boston,USA,robert.anderson79@mail.com
R00313,Richard Anderson,1974,Mumbai,India,richard.anderson74@mail.com
R00314,Rick Davis,1974,Toronto,Canada,
R00315,Richard Thomas,1964,Chennai,India,richard.thomas64@mail.com
R00316,J. Smith,1943,Toronto,Canada,
R00317,Jessica Miller,1994,Lyon,France,jessica.miller94@mail.com
R00318,Jessia Johnson,1967,Toronto,Canada,jessica.johnson67@mail.com
R00319,Linda Rodriguez,1954,Madrid,Spain,linda.rodriguez54@mail.com
R00320,Michael Williams,1999,Chennai,India,michael.williams99@mail.com
R00321,Sarah Miller,1955,Boston,USA,sarah.miller55@mail.com
R00322,Thomas Miller,1986,Toronto,Canada,thomas.miller86@mail.com
R00323,John Taylor,1967,Boston,USA,john.taylor67@mail.com
R00324,Michael Johnson,1980,Madrid,Spain,
R00325,"Rodriguez, Thomas",unknown,Chicago,USA,
R00326,Matthew Williams,2005,Chicago,USA,matthew.williams5@mail.com
R00327,Arjun Jones,1996,Mumbai,India,arjun.jones96@mail.com
R00328,Joseph Garcia,2001,Chennai,India,joseph.garcia1@mail.com
R00329,Michael Williams,1972,Lyon,France,michael.williams72@mail.com
R00330,Joseph Wilson,1995,Munich,Germany,joseph.wilson95@mail.com
R00331,Robert Jones,,Berlin,Germany,robert.jones61@mail.com
R00332,Charles Miller,1970,Mumbai,India,charles.miller70@mail.com
R00333,Michael Johnson,1975,Lyon,France,michael.johnson75@mail.com
R00334,Patricia Davis,1990,Mumbai,India,patricia.davis90@mail.com
R00335,Charles Taylor,2001,Lyon,France,charles.taylor1@mail.com
R00336,David Brown,1945,Chennai,India,david.brown45@mail.com
R00337,David Thomas,1978,Berlin,Germany,david.thomas78@mail.com
R00338,John Rodriguez,1951,Chennai,India,john.rodriguez51@mail.com
R00339,Jennifer Thomas,1946,Lyon,France,jennifer.thomas46@mail.com
R00340,John Taylor,1974,Chicago,USA,john.taylor74@mail.com
R00341,Sarah Moore,2000,Boston,USA,sarah.moore0@mail.com
R00342,Priya Wilson,1997,Boston,USA,priya.wilson97@mail.com
R00343,Priya Thomas,2004,Munich,Germany,priya.thomas4@mail.com
R00344,Jennifer Brown,1959,Paris,France,jennifer.brown59@mail.com
R00345,Matthew Smith,1994,N/A,Spain,matthew.smith94@mail.com
R00346,Susan Jones,1993,Berlin,Germany,susan.jones93@mail.com
R00347,Anthony Martinez,1987,Berlin,Germany,anthony.martinez87@mail.com
R00348,Mary Smith,1940,Chicago,USA,mary.smith40@mail.com
R00349,Joseph Martinez,1942,Berlin,Germany,joseph.martinez42@mail.com
R00350,Elizabeth Taylor,1983,Madrid,Spain,elizabeth.taylor83@mail.com
R00351,Robert Williams,1956,Munich,Germany,robert.williams56@mail.com
R00352,Rick Moore,1956,Madrid,Spain,richard.moore56@mail.com
R00353,D. Rodriguez,1956,Paris,France,daniel.rodriguez56@mail.com
R00354,Jessica Williams,1985,Berlin,N/A,jessica.williams88@mail.com
R00355,Thomas Rodriguez,1982,Chicago,USA,thomas.rodriguez82@mail.com
