src,rel,dst
R00291,friend_of,R00089
R00228,friend_of,R00072
R00257,friend_of,R00296
R00320,friend_of,R00020
R00023,friend_of,R00111
R00312,friend_of,R00125
R00250,parent_of,R00100
R00349,friend_of,R00069
R00168,friend_of,R00093
R00338,parent_of,R00120
R00060,parent_of,R00091
R00004,friend_of,R00055
R00057,parent_of,R00245
R00344,parent_of,R00337
R00262,friend_of,R00337
R00294,friend_of,R00062
R00190,friend_of,R00037
R00034,friend_of,R00124
R00020,friend_of,R00208
R00239,friend_of,R00312
R00007,friend_of,R00178
R00221,parent_of,R00186
R00093,friend_of,R98578
R00234,friend_of,R00134
R00168,friend_of,R00136
R00233,friend_of,R00299
R00046,friend_of,R00036
R00089,friend_of,R00036
R00206,friend_of,R00080
R00137,parent_of,R00228
R00022,friend_of,R00028
R00354,friend_of,R00188
R00266,friend_of,R00110
R00336,friend_of,R00208
R00271,friend_of,R00150
R00348,parent_of,R00159
R00342,friend_of,R00188
R00201,friend_of,R00047
R00338,friend_of,R00143
R00040,friend_of,R00093
R00011,friend_of,R00125
R00186,friend_of,R00125
R00354,friend_of,R00167
R00026,friend_of,R00243
R00184,friend_of,R00228
R00113,friend_of,R00009
R00179,friend_of,R00155
R00192,friend_of,R00338
R00139,friend_of,R00190
R00118,friend_of,R95691
R00042,friend_of,R00329
R00180,parent_of,R00034
R00257,friend_of,R00128
R00037,friend_of,R00172
R00189,friend_of,R00093
R00182,friend_of,R00172
R00134,friend_of,R00198
R00273,friend_of,R00003
R00026,friend_of,R00126
R00342,friend_of,R00175
R00132,friend_of,R00169
R00009,friend_of,R00153
R00321,parent_of,R00164
R00239,friend_of,R00280
R00333,friend_of,R00126
R00199,friend_of,R00185
R00047,friend_of,R00200
R00063,friend_of,R00019
R00164,friend_of,R00185
R00130,parent_of,R00094
R00079,friend_of,R00036
R00039,friend_of,R00185
R00146,friend_of,R00086
R00013,parent_of,R00095
R00133,parent_of,R00162
R00124,parent_of,R00326
R00053,friend_of,R00243
R00305,friend_of,R00150
R00111,parent_of,R00198
R00139,friend_of,R00281
R00155,friend_of,R00119
R00157,parent_of,R00113
R00047,friend_of,R00296
R00017,friend_of,R00050
R00005,friend_of,R00039
R00304,friend_of,R00168
R00306,friend_of,R00323
R00333,friend_of,R00280
R00216,parent_of,R00096
R00266,friend_of,R00059
R00160,friend_of,R00076
R00226,friend_of,R00225
R00188,friend_of,R00138
R00088,friend_of,R00003
R00276,parent_of,R00173
R00212,parent_of,R00326
R00053,parent_of,R00186
R00145,parent_of,R00152
R00036,parent_of,R00305
R00009,parent_of,R00342
R00122,friend_of,R00279
R00273,friend_of,R98291
R00245,parent_of,R00163
R00219,parent_of,R00124
R00333,friend_of,R00240
R00013,parent_of,R00094
R00165,friend_of,R00258
R00061,friend_of,R00132
R00237,friend_of,R00300
R00149,friend_of,R00245
R00315,parent_of,R00018
R00326,friend_of,R00236
R00143,parent_of,R00182
R00311,friend_of,R00064
R00025,parent_of,R00029
R00023,parent_of,R00095
R00254,friend_of,R00063
R00273,friend_of,R00323
R00178,friend_of,R00107
R00236,parent_of,R00251
R00280,friend_of,R98972
R00062,parent_of,R00026
R00166,friend_of,R00056
R00097,parent_of,R00249
R00191,friend_of,R00295
R00268,friend_of,R00218
R00170,friend_of,R00211
R00000,parent_of,R00251
R00325,friend_of,R00082
R00032,friend_of,R00182
R00269,friend_of,R00124
R00068,parent_of,R00325
R00008,friend_of,R00019
R00032,friend_of,R98954
R00321,friend_of,R00070
R00162,parent_of,R00251
R00259,parent_of,R00087
R00323,friend_of,R00306
R00246,friend_of,R00321
R00006,friend_of,R00324
R00031,friend_of,R00110
R00186,friend_of,R00065
R00036,parent_of,R00272
R00273,friend_of,R92490
R00257,friend_of,R00295
R00184,friend_of,R00145
R00324,friend_of,R00068
R00315,friend_of,R00138
R00102,parent_of,R00228
R00338,parent_of,R00201
