kind,entity_id,detail,record_id,col,old,new,rel_index
DUPLICATE,P0003,Joe Thomas,,,,,
DUPLICATE,P0005,J. Smith,,,,,
DUPLICATE,P0008,Sraah Davis,,,,,
DUPLICATE,P0011,Matt Martinez,,,,,
DUPLICATE,P0019,Srah Johnson,,,,,
DUPLICATE,P0034,JENNIFER ANDERSON,,,,,
DUPLICATE,P0036,Jen Rodriguez,,,,,
DUPLICATE,P0047,Priyya Martinez,,,,,
DUPLICATE,P0050,D. Rodriguez,,,,,
DUPLICATE,P0061,Roberrt Jones,,,,,
DUPLICATE,P0065,N. Kumar,,,,,
DUPLICATE,P0069,D. Taylor,,,,,
DUPLICATE,P0073,Joon Smith,,,,,
DUPLICATE,P0075,Dniel Thomas,,,,,
DUPLICATE,P0077,"Brown, Priya",,,,,
DUPLICATE,P0079,RICHARD BROWN,,,,,
DUPLICATE,P0082,Richord Taylor,,,,,
DUPLICATE,P0083,Richhard Moore,,,,,
DUPLICATE,P0085,J. Miller,,,,,
DUPLICATE,P0090,R. Martinez,,,,,
DUPLICATE,P0115,Rchard Rodriguez,,,,,
DUPLICATE,P0123,Aethony Anderson,,,,,
DUPLICATE,P0126,"Williams, Michael",,,,,
DUPLICATE,P0128,Rick Moore,,,,,
DUPLICATE,P0133,J. Smith,,,,,
DUPLICATE,P0143,Elizabeeth Taylor,,,,,
DUPLICATE,P0148,Thmoas Miller,,,,,
DUPLICATE,P0151,"Martinez, Matthew",,,,,
DUPLICATE,P0156,T. Johnson,,,,,
DUPLICATE,P0178,MARY SMITH,,,,,
DUPLICATE,P0180,"Garcia, Patricia",,,,,
DUPLICATE,P0184,"Rodriguez, Thomas",,,,,
DUPLICATE,P0195,Liaa Moore,,,,,
DUPLICATE,P0198,"Johnson, Jessica",,,,,
DUPLICATE,P0199,J. Miller,,,,,
DUPLICATE,P0213,"Taylor, Charles",,,,,
DUPLICATE,P0216,Joe Wilson,,,,,
DUPLICATE,P0219,R. Anderson,,,,,
DUPLICATE,P0230,Jen Thomas,,,,,
DUPLICATE,P0232,Davod Williams,,,,,
DUPLICATE,P0239,A. Taylor,,,,,
DUPLICATE,P0243,Tony Smith,,,,,
DUPLICATE,P0256,Micheal Martinez,,,,,
DUPLICATE,P0260,Rbert Williams,,,,,
DUPLICATE,P0264,Jessia Johnson,,,,,
DUPLICATE,P0269,Joe Brown,,,,,
DUPLICATE,P0272,"Miller, Joseph",,,,,
DUPLICATE,P0277,Lnda Rodriguez,,,,,
DUPLICATE,P0279,Bill Thomas,,,,,
DUPLICATE,P0282,S. Miller,,,,,
DUPLICATE,P0286,C. Jones,,,,,
DUPLICATE,P0287,N. Kumar,,,,,
DUPLICATE,P0288,P. Jones,,,,,
DUPLICATE,P0293,LINDA WILLIAMS,,,,,
DUPLICATE,P0295,Pryia Taylor,,,,,
DUPLICATE,P0299,Rick Davis,,,,,
TYPO,,,R00000,city,Chicago,Cicago,
CONTRADICTION,,,R00002,birth_year,1976,1977,
FD_VIOLATION,,,R00022,country,India,Germany,
TYPO,,,R00024,name,Priya Martinez,Priya Marainez,
TYPO,,,R00028,name,Richard Garcia,Richard Garia,
CONTRADICTION,,,R00045,birth_year,1950,1952,
TYPO,,,R00049,city,Toronto,Tooronto,
CONTRADICTION,,,R00057,birth_year,1943,1942,
MISSING,,,R00068,email,john.taylor58@mail.com,,
FD_VIOLATION,,,R00071,country,USA,India,
MISSING,,,R00076,city,Paris,,
CONTRADICTION,,,R00077,birth_year,1954,1959,
TYPO,,,R00092,city,Mumbai,Mumbi,
TYPO,,,R00094,city,Lyon,Lyyon,
TYPO,,,R00096,name,Elizabeth Martinez,Elizabeht Martinez,
TYPO,,,R00104,city,Chennai,Cheanai,
FD_VIOLATION,,,R00105,country,India,Spain,
CONTRADICTION,,,R00116,birth_year,1961,1966,
TYPO,,,R00138,city,Chicago,Chcago,
CONTRADICTION,,,R00143,birth_year,1948,1950,
CONTRADICTION,,,R00170,birth_year,1994,1991,
CONTRADICTION,,,R00172,birth_year,1969,1971,
TYPO,,,R00181,city,Chennai,Chenani,
TYPO,,,R00189,city,Mumbai,Mumboi,
CONTRADICTION,,,R00192,birth_year,1973,1970,
MISSING,,,R00198,city,Lyon,,
CONTRADICTION,,,R00206,birth_year,1997,1996,
MISSING,,,R00209,birth_year,1968,N/A,
MISSING,,,R00224,city,Lyon,,
CONTRADICTION,,,R00227,birth_year,1977,1976,
MISSING,,,R00228,city,Berlin,N/A,
CONTRADICTION,,,R00233,birth_year,1984,1985,
CONTRADICTION,,,R00234,birth_year,1976,1973,
CONTRADICTION,,,R00236,birth_year,1941,1940,
TYPO,,,R00240,city,Toronto,Tronto,
FD_VIOLATION,,,R00253,country,Canada,USA,
CONTRADICTION,,,R00254,birth_year,1998,2003,
MISSING,,,R00255,email,jennifer.johnson51@mail.com,,
FD_VIOLATION,,,R00259,country,Spain,USA,
TYPO,,,R00262,name,Jennifer Wilson,Jennnifer Wilson,
TYPO,,,R00263,name,"Miller, Joseph","Miller, Joesph",
MISSING,,,R00267,country,France,,
MISSING,,,R00269,country,Spain,N/A,
CONTRADICTION,,,R00269,birth_year,1983,1988,
TYPO,,,R00275,name,John Smith,John Smtih,
MISSING,,,R00278,country,USA,N/A,
CONTRADICTION,,,R00280,birth_year,1982,1981,
MISSING,,,R00284,city,Madrid,N/A,
FD_VIOLATION,,,R00284,country,Spain,India,
TYPO,,,R00294,name,David Kumar,Davd Kumar,
FD_VIOLATION,,,R00295,country,India,USA,
TYPO,,,R00303,city,Lyon,Lyun,
CONTRADICTION,,,R00306,birth_year,1970,1972,
FD_VIOLATION,,,R00310,country,India,Germany,
MISSING,,,R00324,email,michael.johnson80@mail.com,,
MISSING,,,R00325,birth_year,1982,unknown,
MISSING,,,R00331,birth_year,1961,,
MISSING,,,R00345,city,Madrid,N/A,
MISSING,,,R00354,country,Germany,N/A,
CONTRADICTION,,,R00354,birth_year,1988,1985,
BROKEN_REF,,,,,R00128,,22.0
BROKEN_REF,,,,,R00281,,49.0
BROKEN_REF,,,,,R00266,,101.0
BROKEN_REF,,,,,R00268,,120.0
BROKEN_REF,,,,,R00276,,133.0
BROKEN_REF,,,,,R00060,,143.0
