entity_id,col,value,from_records
E00000,name,Joseph Moore,R00000
E00000,birth_year,1954,R00000
E00000,city,Chicago,R00000
E00000,country,USA,R00000
E00000,email,joseph.moore54@mail.com,R00000
E00001,name,Sarah Kumar,R00001
E00001,birth_year,1959,R00001
E00001,city,Lyon,R00001
E00001,country,France,R00001
E00001,email,sarah.kumar59@mail.com,R00001
E00002,name,Richard Taylor,R00002
E00002,birth_year,1976,R00002
E00002,city,Munich,R00002
E00002,country,Germany,R00002
E00002,email,richard.taylor76@mail.com,R00002
E00003,name,William Thomas,R00003
E00003,birth_year,1964,R00003
E00003,city,Chicago,R00003
E00003,country,USA,R00003
E00003,email,william.thomas64@mail.com,R00003
E00004,name,Anthony Smith,R00004
E00004,birth_year,1955,"R00004,R00021"
E00004,city,Chennai,"R00004,R00021"
E00004,country,India,"R00004,R00021"
E00004,email,anthony.smith55@mail.com,"R00004,R00021"
E00005,name,John Smith,R00005
E00005,birth_year,1979,R00005
E00005,city,Madrid,R00005
E00005,country,Spain,R00005
E00005,email,john.smith79@mail.com,R00005
E00006,name,Richard Rodriguez,"R00006,R00235"
E00006,birth_year,1968,"R00006,R00235"
E00006,city,Paris,"R00006,R00235"
E00006,country,France,"R00006,R00235"
E00006,email,richard.rodriguez68@mail.com,"R00006,R00235"
E00007,name,William Thomas,R00222
E00007,birth_year,1947,"R00007,R00222"
E00007,city,Toronto,"R00007,R00222"
E00007,country,Canada,"R00007,R00222"
E00007,email,william.thomas47@mail.com,"R00007,R00222"
E00008,name,David Moore,R00008
E00008,birth_year,1960,R00008
E00008,city,Berlin,R00008
E00008,country,Germany,R00008
E00008,email,david.moore60@mail.com,R00008
E00009,name,Joseph Wilson,R00009
E00009,birth_year,1952,"R00009,R00010"
E00009,city,Boston,"R00009,R00010"
E00009,country,USA,"R00009,R00010"
E00009,email,joseph.wilson52@mail.com,"R00009,R00010"
E00010,name,Matthew Martinez,R00071
E00010,birth_year,1942,"R00011,R00071"
E00010,city,Boston,"R00011,R00071"
E00010,country,USA,"R00011,R00071"
E00010,email,matthew.martinez42@mail.com,"R00011,R00071"
E00011,name,Susan Anderson,R00012
E00011,birth_year,1951,R00012
E00011,city,Chicago,R00012
E00011,country,USA,R00012
E00011,email,susan.anderson51@mail.com,R00012
E00012,name,Matthew Martinez,R00013
E00012,birth_year,1955,"R00013,R00205"
E00012,city,Mumbai,"R00013,R00205"
E00012,country,India,"R00013,R00205"
E00012,email,matthew.martinez55@mail.com,"R00013,R00205"
E00013,name,Lisa Davis,R00014
E00013,birth_year,1970,R00014
E00013,city,Mumbai,R00014
E00013,country,India,R00014
E00013,email,lisa.davis70@mail.com,R00014
E00014,name,Richard Williams,R00015
E00014,birth_year,1978,R00015
E00014,city,Paris,R00015
E00014,country,France,R00015
E00014,email,richard.williams78@mail.com,R00015
E00015,name,Richard Martinez,R00016
E00015,birth_year,1971,"R00016,R00099"
E00015,city,Mumbai,"R00016,R00099"
E00015,country,India,"R00016,R00099"
E00015,email,richard.martinez71@mail.com,R00016
E00016,name,Linda Rodriguez,"R00017,R00084"
E00016,birth_year,1974,"R00017,R00084"
E00016,city,Munich,"R00017,R00084"
E00016,country,Germany,"R00017,R00084"
E00016,email,linda.rodriguez74@mail.com,"R00017,R00084"
E00017,name,Michael Williams,R00108
E00017,birth_year,1996,"R00018,R00108"
E00017,city,Munich,"R00018,R00108"
E00017,country,Germany,"R00018,R00108"
E00017,email,michael.williams96@mail.com,"R00018,R00108"
E00018,name,John Smith,R00019
E00018,birth_year,1951,"R00019,R00142"
E00018,city,Boston,"R00019,R00142"
E00018,country,USA,"R00019,R00142"
E00018,email,john.smith51@mail.com,R00019
E00019,name,Anthony Anderson,"R00020,R00112"
E00019,birth_year,1989,"R00020,R00112"
E00019,city,Toronto,"R00020,R00112"
E00019,country,Canada,"R00020,R00112"
E00019,email,anthony.anderson89@mail.com,"R00020,R00112"
E00020,name,Patricia Thomas,R00022
E00020,birth_year,1948,R00022
E00020,city,Mumbai,R00022
E00020,country,India,R00022
E00020,email,patricia.thomas48@mail.com,R00022
E00021,name,Mary Martinez,R00023
E00021,birth_year,1949,R00023
E00021,city,Lyon,R00023
E00021,country,France,R00023
E00021,email,mary.martinez49@mail.com,R00023
E00022,name,Priya Martinez,"R00024,R00287"
E00022,birth_year,1956,"R00024,R00287"
E00022,city,Munich,"R00024,R00287"
E00022,country,Germany,"R00024,R00287"
E00022,email,priya.martinez56@mail.com,"R00024,R00287"
E00023,name,Thomas Davis,R00025
E00023,birth_year,1943,R00025
E00023,city,Boston,R00025
E00023,country,USA,R00025
E00023,email,thomas.davis43@mail.com,R00025
E00024,name,Nancy Kumar,R00090
E00024,birth_year,2001,"R00026,R00090"
E00024,city,Mumbai,"R00026,R00090"
E00024,country,India,"R00026,R00090"
E00024,email,nancy.kumar1@mail.com,R00090
E00025,name,David Davis,R00027
E00025,birth_year,1988,R00027
E00025,city,Toronto,R00027
E00025,country,Canada,R00027
E00025,email,david.davis88@mail.com,R00027
E00026,name,Richard Garcia,R00028
E00026,birth_year,1943,R00028
E00026,city,Berlin,R00028
E00026,country,Germany,R00028
E00026,email,richard.garcia43@mail.com,R00028
E00027,name,Charles Jones,R00029
E00027,birth_year,1967,"R00029,R00310"
E00027,city,Mumbai,"R00029,R00310"
E00027,country,India,"R00029,R00310"
E00027,email,charles.jones67@mail.com,R00029
E00028,name,David Johnson,R00030
E00028,birth_year,1949,R00030
E00028,city,Lyon,R00030
E00028,country,France,R00030
E00028,email,david.johnson49@mail.com,R00030
E00029,name,Jennifer Rodriguez,R00031
E00029,birth_year,1977,"R00031,R00161"
E00029,city,Chicago,"R00031,R00161"
E00029,country,USA,"R00031,R00161"
E00029,email,jennifer.rodriguez77@mail.com,"R00031,R00161"
E00030,name,John Miller,R00032
E00030,birth_year,1996,R00032
E00030,city,Madrid,R00032
E00030,country,Spain,R00032
E00030,email,john.miller96@mail.com,R00032
E00031,name,Daniel Smith,R00033
E00031,birth_year,1977,R00033
E00031,city,Berlin,R00033
E00031,country,Germany,R00033
E00031,email,daniel.smith77@mail.com,R00033
E00032,name,Sarah Smith,R00034
E00032,birth_year,1981,R00034
E00032,city,Madrid,R00034
E00032,country,Spain,R00034
E00032,email,sarah.smith81@mail.com,R00034
E00033,name,Jennifer Anderson,R00035
E00033,birth_year,1977,R00035
E00033,city,Lyon,"R00035,R00227"
E00033,country,France,"R00035,R00227"
E00033,email,jennifer.anderson77@mail.com,R00035
E00034,name,Jessica Jones,R00036
E00034,birth_year,1956,R00036
E00034,city,Chennai,R00036
E00034,country,India,R00036
E00034,email,jessica.jones56@mail.com,R00036
E00035,name,Robert Williams,"R00037,R00351"
E00035,birth_year,1956,"R00037,R00351"
E00035,city,Munich,"R00037,R00351"
E00035,country,Germany,"R00037,R00351"
E00035,email,robert.williams56@mail.com,"R00037,R00351"
E00036,name,Karen Garcia,R00038
E00036,birth_year,1951,R00038
E00036,city,Toronto,R00038
E00036,country,Canada,R00038
E00036,email,karen.garcia51@mail.com,R00038
E00037,name,Mary Anderson,R00039
E00037,birth_year,1993,R00039
E00037,city,Boston,R00039
E00037,country,USA,R00039
E00037,email,mary.anderson93@mail.com,R00039
E00038,name,Patricia Johnson,R00040
E00038,birth_year,1964,R00040
E00038,city,Munich,R00040
E00038,country,Germany,R00040
E00038,email,patricia.johnson64@mail.com,R00040
E00039,name,Lisa Rodriguez,R00041
E00039,birth_year,1962,R00041
E00039,city,Chicago,R00041
E00039,country,USA,R00041
E00039,email,lisa.rodriguez62@mail.com,R00041
E00040,name,Sarah Johnson,"R00042,R00052"
E00040,birth_year,1979,"R00042,R00052"
E00040,city,Madrid,"R00042,R00052"
E00040,country,Spain,"R00042,R00052"
E00040,email,sarah.johnson79@mail.com,"R00042,R00052"
E00041,name,Nancy Wilson,R00043
E00041,birth_year,1968,R00043
E00041,city,Chennai,R00043
E00041,country,India,R00043
E00041,email,nancy.wilson68@mail.com,R00043
E00042,name,Nancy Kumar,R00283
E00042,birth_year,1957,"R00044,R00283"
E00042,city,Madrid,"R00044,R00283"
E00042,country,Spain,"R00044,R00283"
E00042,email,nancy.kumar57@mail.com,R00283
E00043,name,David Williams,"R00045,R00289"
E00043,birth_year,1950,"R00045,R00289"
E00043,city,Lyon,"R00045,R00289"
E00043,country,France,"R00045,R00289"
E00043,email,david.williams50@mail.com,"R00045,R00289"
E00044,name,Jennifer Garcia,R00046
E00044,birth_year,1972,R00046
E00044,city,Toronto,R00046
E00044,country,Canada,R00046
E00044,email,jennifer.garcia72@mail.com,R00046
E00045,name,Charles Kumar,R00047
E00045,birth_year,1972,R00047
E00045,city,Munich,R00047
E00045,country,Germany,R00047
E00045,email,charles.kumar72@mail.com,R00047
E00046,name,Michael Jones,R00048
E00046,birth_year,1973,R00048
E00046,city,Chennai,R00048
E00046,country,India,R00048
E00046,email,michael.jones73@mail.com,R00048
E00047,name,Karen Davis,R00049
E00047,birth_year,1991,R00049
E00047,city,Toronto,R00049
E00047,country,Canada,R00049
E00047,email,karen.davis91@mail.com,R00049
E00048,name,Robert Jones,"R00050,R00331"
E00048,birth_year,1961,"R00050,R00331"
E00048,city,Berlin,"R00050,R00331"
E00048,country,Germany,"R00050,R00331"
E00048,email,robert.jones61@mail.com,"R00050,R00331"
E00049,name,Lisa Brown,R00051
E00049,birth_year,1960,R00051
E00049,city,Toronto,R00051
E00049,country,Canada,R00051
E00049,email,lisa.brown60@mail.com,R00051
E00050,name,Robert Anderson,R00053
E00050,birth_year,1960,R00053
E00050,city,Toronto,R00053
E00050,country,Canada,R00053
E00050,email,robert.anderson60@mail.com,R00053
E00051,name,Richard Moore,"R00054,R00077"
E00051,birth_year,1954,"R00054,R00077"
E00051,city,Chennai,"R00054,R00077"
E00051,country,India,"R00054,R00077"
E00051,email,richard.moore54@mail.com,"R00054,R00077"
E00052,name,Patricia Jones,R00055
E00052,birth_year,1957,"R00055,R00083"
E00052,city,Chennai,"R00055,R00083"
E00052,country,India,"R00055,R00083"
E00052,email,patricia.jones57@mail.com,"R00055,R00083"
E00053,name,David Thomas,R00056
E00053,birth_year,1976,R00056
E00053,city,Chicago,R00056
E00053,country,USA,R00056
E00053,email,david.thomas76@mail.com,R00056
E00054,name,Michael Moore,R00057
E00054,birth_year,1943,R00057
E00054,city,Chennai,R00057
E00054,country,India,R00057
E00054,email,michael.moore43@mail.com,R00057
E00055,name,Thomas Johnson,R00058
E00055,birth_year,1974,"R00058,R00085"
E00055,city,Toronto,"R00058,R00085"
E00055,country,Canada,"R00058,R00085"
E00055,email,thomas.johnson74@mail.com,R00058
E00056,name,David Williams,R00059
E00056,birth_year,1949,R00059
E00056,city,Paris,R00059
E00056,country,France,R00059
E00056,email,david.williams49@mail.com,R00059
E00057,name,Priya Taylor,"R00060,R00131"
E00057,birth_year,1942,"R00060,R00131"
E00057,city,Lyon,"R00060,R00131"
E00057,country,France,"R00060,R00131"
E00057,email,priya.taylor42@mail.com,"R00060,R00131"
E00058,name,Nancy Taylor,R00061
E00058,birth_year,1962,R00061
E00058,city,Berlin,R00061
E00058,country,Germany,R00061
E00058,email,nancy.taylor62@mail.com,R00061
E00059,name,Michael Wilson,R00062
E00059,birth_year,1954,R00062
E00059,city,Madrid,R00062
E00059,country,Spain,R00062
E00059,email,michael.wilson54@mail.com,R00062
E00060,name,Jessica Anderson,R00063
E00060,birth_year,1946,R00063
E00060,city,Lyon,R00063
E00060,country,France,R00063
E00060,email,jessica.anderson46@mail.com,R00063
E00061,name,Jessica Johnson,R00064
E00061,birth_year,1985,"R00064,R00229"
E00061,city,Toronto,"R00064,R00229"
E00061,country,Canada,"R00064,R00229"
E00061,email,jessica.johnson85@mail.com,"R00064,R00229"
E00062,name,Lisa Miller,R00065
E00062,birth_year,1962,R00065
E00062,city,Chennai,R00065
E00062,country,India,R00065
E00062,email,lisa.miller62@mail.com,R00065
E00063,name,Daniel Thomas,"R00066,R00298"
E00063,birth_year,1960,"R00066,R00298"
E00063,city,Lyon,"R00066,R00298"
E00063,country,France,"R00066,R00298"
E00063,email,daniel.thomas60@mail.com,"R00066,R00298"
E00064,name,David Williams,R00067
E00064,birth_year,1997,R00067
E00064,city,Boston,R00067
E00064,country,USA,R00067
E00064,email,david.williams97@mail.com,R00067
E00065,name,John Taylor,R00068
E00065,birth_year,1958,R00068
E00065,city,Paris,R00068
E00065,country,France,R00068
E00065,email,john.taylor58@mail.com,R00068
E00066,name,Patricia Garcia,R00069
E00066,birth_year,1952,"R00069,R00144"
E00066,city,Munich,"R00069,R00144"
E00066,country,Germany,"R00069,R00144"
E00066,email,patricia.garcia52@mail.com,"R00069,R00144"
E00067,name,Mary Smith,R00070
E00067,birth_year,1967,"R00070,R00197"
E00067,city,Paris,"R00070,R00197"
E00067,country,France,"R00070,R00197"
E00067,email,mary.smith67@mail.com,"R00070,R00197"
E00068,name,Patricia Rodriguez,R00072
E00068,birth_year,2005,R00072
E00068,city,Munich,R00072
E00068,country,Germany,R00072
E00068,email,patricia.rodriguez5@mail.com,R00072
E00069,name,Thomas Rodriguez,R00073
E00069,birth_year,2002,R00073
E00069,city,Berlin,R00073
E00069,country,Germany,R00073
E00069,email,thomas.rodriguez2@mail.com,R00073
E00070,name,William Kumar,R00074
E00070,birth_year,1985,R00074
E00070,city,Chennai,R00074
E00070,country,India,R00074
E00070,email,william.kumar85@mail.com,R00074
E00071,name,Daniel Johnson,R00075
E00071,birth_year,1957,R00075
E00071,city,Paris,R00075
E00071,country,France,R00075
E00071,email,daniel.johnson57@mail.com,R00075
E00072,name,Jessica Williams,R00076
E00072,birth_year,1964,R00076
E00072,city,,
E00072,country,France,R00076
E00072,email,jessica.williams64@mail.com,R00076
E00073,name,John Garcia,R00078
E00073,birth_year,1973,R00078
E00073,city,Mumbai,R00078
E00073,country,India,R00078
E00073,email,john.garcia73@mail.com,R00078
E00074,name,Matthew Wilson,R00079
E00074,birth_year,1969,R00079
E00074,city,Boston,R00079
E00074,country,USA,R00079
E00074,email,matthew.wilson69@mail.com,R00079
E00075,name,Anthony Kumar,R00080
E00075,birth_year,1991,R00080
E00075,city,Boston,R00080
E00075,country,USA,R00080
E00075,email,anthony.kumar91@mail.com,R00080
E00076,name,Joseph Thomas,R00081
E00076,birth_year,1940,"R00081,R00098"
E00076,city,Chicago,"R00081,R00098"
E00076,country,USA,"R00081,R00098"
E00076,email,joseph.thomas40@mail.com,"R00081,R00098"
E00077,name,Priya Brown,R00171
E00077,birth_year,1995,"R00082,R00171"
E00077,city,Boston,"R00082,R00171"
E00077,country,USA,"R00082,R00171"
E00077,email,priya.brown95@mail.com,"R00082,R00171"
E00078,name,Robert Williams,R00086
E00078,birth_year,1953,R00086
E00078,city,Chennai,R00086
E00078,country,India,R00086
E00078,email,robert.williams53@mail.com,R00086
E00079,name,Arjun Taylor,R00101
E00079,birth_year,2005,"R00087,R00101"
E00079,city,Chicago,"R00087,R00101"
E00079,country,USA,"R00087,R00101"
E00079,email,arjun.taylor5@mail.com,R00101
E00080,name,Anthony Johnson,R00088
E00080,birth_year,1967,R00088
E00080,city,Lyon,R00088
E00080,country,France,R00088
E00080,email,anthony.johnson67@mail.com,R00088
E00081,name,Daniel Brown,R00089
E00081,birth_year,1967,R00089
E00081,city,Lyon,R00089
E00081,country,France,R00089
E00081,email,daniel.brown67@mail.com,R00089
E00082,name,Lisa Kumar,R00091
E00082,birth_year,1990,R00091
E00082,city,Lyon,R00091
E00082,country,France,R00091
E00082,email,lisa.kumar90@mail.com,R00091
E00083,name,Priya Garcia,R00092
E00083,birth_year,1965,R00092
E00083,city,Mumbai,R00092
E00083,country,India,R00092
E00083,email,priya.garcia65@mail.com,R00092
E00084,name,Elizabeth Brown,R00093
E00084,birth_year,1943,R00093
E00084,city,Lyon,R00093
E00084,country,France,R00093
E00084,email,elizabeth.brown43@mail.com,R00093
E00085,name,David Jones,R00094
E00085,birth_year,2001,R00094
E00085,city,Lyon,R00094
E00085,country,France,R00094
E00085,email,david.jones1@mail.com,R00094
E00086,name,Jessica Thomas,R00095
E00086,birth_year,1979,R00095
E00086,city,Chicago,R00095
E00086,country,USA,R00095
E00086,email,jessica.thomas79@mail.com,R00095
E00087,name,Elizabeth Martinez,R00096
E00087,birth_year,2003,R00096
E00087,city,Toronto,R00096
E00087,country,Canada,R00096
E00087,email,elizabeth.martinez3@mail.com,R00096
E00088,name,David Davis,R00097
E00088,birth_year,1957,R00097
E00088,city,Lyon,R00097
E00088,country,France,R00097
E00088,email,david.davis57@mail.com,R00097
E00089,name,Matthew Rodriguez,R00100
E00089,birth_year,1985,R00100
E00089,city,Madrid,R00100
E00089,country,Spain,R00100
E00089,email,matthew.rodriguez85@mail.com,R00100
E00090,name,Nancy Smith,R00102
E00090,birth_year,1969,R00102
E00090,city,Berlin,R00102
E00090,country,Germany,R00102
E00090,email,nancy.smith69@mail.com,R00102
E00091,name,Daniel Taylor,R00231
E00091,birth_year,1949,"R00103,R00231"
E00091,city,Madrid,"R00103,R00231"
E00091,country,Spain,"R00103,R00231"
E00091,email,daniel.taylor49@mail.com,"R00103,R00231"
E00092,name,Linda Williams,R00104
E00092,birth_year,1968,"R00104,R00109"
E00092,city,Chennai,"R00104,R00109"
E00092,country,India,"R00104,R00109"
E00092,email,linda.williams68@mail.com,"R00104,R00109"
E00093,name,Nancy Jones,R00105
E00093,birth_year,1992,R00105
E00093,city,Chennai,R00105
E00093,country,India,R00105
E00093,email,nancy.jones92@mail.com,R00105
E00094,name,Joseph Garcia,R00106
E00094,birth_year,1959,R00106
E00094,city,Paris,R00106
E00094,country,France,R00106
E00094,email,joseph.garcia59@mail.com,R00106
E00095,name,Charles Garcia,R00107
E00095,birth_year,1951,R00107
E00095,city,Boston,R00107
E00095,country,USA,R00107
E00095,email,charles.garcia51@mail.com,R00107
E00096,name,Richard Anderson,R00110
E00096,birth_year,1957,R00110
E00096,city,Lyon,R00110
E00096,country,France,R00110
E00096,email,richard.anderson57@mail.com,R00110
E00097,name,Nancy Davis,R00111
E00097,birth_year,1943,R00111
E00097,city,Madrid,R00111
E00097,country,Spain,R00111
E00097,email,nancy.davis43@mail.com,R00111
E00098,name,Richard Wilson,R00113
E00098,birth_year,1981,R00113
E00098,city,Madrid,R00113
E00098,country,Spain,R00113
E00098,email,richard.wilson81@mail.com,R00113
E00099,name,Anthony Wilson,R00114
E00099,birth_year,2003,R00114
E00099,city,Chicago,R00114
E00099,country,USA,R00114
E00099,email,anthony.wilson3@mail.com,R00114
E00100,name,Patricia Martinez,R00115
E00100,birth_year,1952,R00115
E00100,city,Boston,R00115
E00100,country,USA,R00115
E00100,email,patricia.martinez52@mail.com,R00115
E00101,name,Joseph Miller,R00116
E00101,birth_year,1961,"R00116,R00263"
E00101,city,Toronto,"R00116,R00263"
E00101,country,Canada,"R00116,R00263"
E00101,email,joseph.miller61@mail.com,"R00116,R00263"
E00102,name,Karen Johnson,R00117
E00102,birth_year,1961,R00117
E00102,city,Chennai,R00117
E00102,country,India,R00117
E00102,email,karen.johnson61@mail.com,R00117
E00103,name,Daniel Rodriguez,R00118
E00103,birth_year,1956,"R00118,R00353"
E00103,city,Paris,"R00118,R00353"
E00103,country,France,"R00118,R00353"
E00103,email,daniel.rodriguez56@mail.com,"R00118,R00353"
E00104,name,David Anderson,R00119
E00104,birth_year,2001,R00119
E00104,city,Mumbai,R00119
E00104,country,India,R00119
E00104,email,david.anderson1@mail.com,R00119
E00105,name,Lisa Wilson,R00120
E00105,birth_year,1994,R00120
E00105,city,Paris,R00120
E00105,country,France,R00120
E00105,email,lisa.wilson94@mail.com,R00120
E00106,name,William Garcia,R00121
E00106,birth_year,2005,R00121
E00106,city,Boston,R00121
E00106,country,USA,R00121
E00106,email,william.garcia5@mail.com,R00121
E00107,name,Patricia Williams,R00122
E00107,birth_year,1971,R00122
E00107,city,Munich,R00122
E00107,country,Germany,R00122
E00107,email,patricia.williams71@mail.com,R00122
E00108,name,Priya Garcia,R00123
E00108,birth_year,1997,R00123
E00108,city,Toronto,R00123
E00108,country,Canada,R00123
E00108,email,priya.garcia97@mail.com,R00123
E00109,name,Elizabeth Johnson,R00124
E00109,birth_year,1981,R00124
E00109,city,Berlin,R00124
E00109,country,Germany,R00124
E00109,email,elizabeth.johnson81@mail.com,R00124
E00110,name,David Davis,R00125
E00110,birth_year,1953,R00125
E00110,city,Mumbai,R00125
E00110,country,India,R00125
E00110,email,david.davis53@mail.com,R00125
E00111,name,Elizabeth Moore,R00126
E00111,birth_year,1989,R00126
E00111,city,Munich,R00126
E00111,country,Germany,R00126
E00111,email,elizabeth.moore89@mail.com,R00126
E00112,name,Mary Moore,R00127
E00112,birth_year,1978,R00127
E00112,city,Lyon,R00127
E00112,country,France,R00127
E00112,email,mary.moore78@mail.com,R00127
E00113,name,Nancy Kumar,R00128
E00113,birth_year,1953,R00128
E00113,city,Berlin,R00128
E00113,country,Germany,R00128
E00113,email,nancy.kumar53@mail.com,R00128
E00114,name,Thomas Miller,"R00129,R00322"
E00114,birth_year,1986,"R00129,R00322"
E00114,city,Toronto,"R00129,R00322"
E00114,country,Canada,"R00129,R00322"
E00114,email,thomas.miller86@mail.com,"R00129,R00322"
E00115,name,William Wilson,R00130
E00115,birth_year,1957,R00130
E00115,city,Mumbai,R00130
E00115,country,India,R00130
E00115,email,william.wilson57@mail.com,R00130
E00116,name,Daniel Taylor,R00132
E00116,birth_year,1961,R00132
E00116,city,Berlin,R00132
E00116,country,Germany,R00132
E00116,email,daniel.taylor61@mail.com,R00132
E00117,name,Matthew Thomas,R00133
E00117,birth_year,1942,R00133
E00117,city,Paris,R00133
E00117,country,France,R00133
E00117,email,matthew.thomas42@mail.com,R00133
E00118,name,Thomas Smith,R00134
E00118,birth_year,1964,R00134
E00118,city,Chennai,R00134
E00118,country,India,R00134
E00118,email,thomas.smith64@mail.com,R00134
E00119,name,Robert Moore,R00135
E00119,birth_year,1942,R00135
E00119,city,Berlin,R00135
E00119,country,Germany,R00135
E00119,email,robert.moore42@mail.com,R00135
E00120,name,Lisa Jones,R00136
E00120,birth_year,1990,R00136
E00120,city,Chicago,R00136
E00120,country,USA,R00136
E00120,email,lisa.jones90@mail.com,R00136
E00121,name,David Jones,R00137
E00121,birth_year,1945,R00137
E00121,city,Mumbai,R00137
E00121,country,India,R00137
E00121,email,david.jones45@mail.com,R00137
E00122,name,Karen Martinez,R00138
E00122,birth_year,1972,R00138
E00122,city,Chicago,R00138
E00122,country,USA,R00138
E00122,email,karen.martinez72@mail.com,R00138
E00123,name,Jessica Moore,R00139
E00123,birth_year,1986,R00139
E00123,city,Toronto,R00139
E00123,country,Canada,R00139
E00123,email,jessica.moore86@mail.com,R00139
E00124,name,Priya Smith,R00140
E00124,birth_year,1968,R00140
E00124,city,Chicago,R00140
E00124,country,USA,R00140
E00124,email,priya.smith68@mail.com,R00140
E00125,name,Robert Taylor,R00141
E00125,birth_year,2005,R00141
E00125,city,Madrid,R00141
E00125,country,Spain,R00141
E00125,email,robert.taylor5@mail.com,R00141
E00126,name,Arjun Davis,R00143
E00126,birth_year,1948,R00143
E00126,city,Paris,R00143
E00126,country,France,R00143
E00126,email,arjun.davis48@mail.com,R00143
E00127,name,Anthony Rodriguez,R00145
E00127,birth_year,1949,R00145
E00127,city,Chennai,R00145
E00127,country,India,R00145
E00127,email,anthony.rodriguez49@mail.com,R00145
E00128,name,Karen Miller,R00146
E00128,birth_year,1974,R00146
E00128,city,Mumbai,R00146
E00128,country,India,R00146
E00128,email,karen.miller74@mail.com,R00146
E00129,name,Mary Smith,R00147
E00129,birth_year,1941,R00147
E00129,city,Chennai,R00147
E00129,country,India,R00147
E00129,email,mary.smith41@mail.com,R00147
E00130,name,Anthony Wilson,R00148
E00130,birth_year,1986,R00148
E00130,city,Mumbai,R00148
E00130,country,India,R00148
E00130,email,anthony.wilson86@mail.com,R00148
E00131,name,Jessica Wilson,R00149
E00131,birth_year,2002,R00149
E00131,city,Munich,R00149
E00131,country,Germany,R00149
E00131,email,jessica.wilson2@mail.com,R00149
E00132,name,Daniel Moore,R00150
E00132,birth_year,1958,R00150
E00132,city,Madrid,R00150
E00132,country,Spain,R00150
E00132,email,daniel.moore58@mail.com,R00150
E00133,name,Patricia Miller,R00151
E00133,birth_year,1989,R00151
E00133,city,Munich,R00151
E00133,country,Germany,R00151
E00133,email,patricia.miller89@mail.com,R00151
E00134,name,William Brown,R00152
E00134,birth_year,2002,R00152
E00134,city,Paris,R00152
E00134,country,France,R00152
E00134,email,william.brown2@mail.com,R00152
E00135,name,Sarah Brown,R00153
E00135,birth_year,1963,R00153
E00135,city,Paris,R00153
E00135,country,France,R00153
E00135,email,sarah.brown63@mail.com,R00153
E00136,name,Jennifer Williams,R00154
E00136,birth_year,1941,R00154
E00136,city,Mumbai,R00154
E00136,country,India,R00154
E00136,email,jennifer.williams41@mail.com,R00154
E00137,name,Lisa Johnson,R00155
E00137,birth_year,1988,R00155
E00137,city,Chennai,R00155
E00137,country,India,R00155
E00137,email,lisa.johnson88@mail.com,R00155
E00138,name,Elizabeth Jones,R00156
E00138,birth_year,2004,R00156
E00138,city,Chicago,R00156
E00138,country,USA,R00156
E00138,email,elizabeth.jones4@mail.com,R00156
E00139,name,Anthony Martinez,R00157
E00139,birth_year,1956,R00157
E00139,city,Munich,R00157
E00139,country,Germany,R00157
E00139,email,anthony.martinez56@mail.com,R00157
E00140,name,Elizabeth Martinez,R00158
E00140,birth_year,1960,R00158
E00140,city,Boston,R00158
E00140,country,USA,R00158
E00140,email,elizabeth.martinez60@mail.com,R00158
E00141,name,John Taylor,R00159
E00141,birth_year,1994,R00159
E00141,city,Boston,R00159
E00141,country,USA,R00159
E00141,email,john.taylor94@mail.com,R00159
E00142,name,John Anderson,R00160
E00142,birth_year,2002,R00160
E00142,city,Chennai,R00160
E00142,country,India,R00160
E00142,email,john.anderson2@mail.com,R00160
E00143,name,Matthew Rodriguez,R00162
E00143,birth_year,1973,R00162
E00143,city,Munich,R00162
E00143,country,Germany,R00162
E00143,email,matthew.rodriguez73@mail.com,R00162
E00144,name,Michael Johnson,R00163
E00144,birth_year,2004,R00163
E00144,city,Mumbai,R00163
E00144,country,India,R00163
E00144,email,michael.johnson4@mail.com,R00163
E00145,name,Susan Smith,R00164
E00145,birth_year,1982,R00164
E00145,city,Chicago,R00164
E00145,country,USA,R00164
E00145,email,susan.smith82@mail.com,R00164
E00146,name,Robert Davis,R00165
E00146,birth_year,2002,R00165
E00146,city,Paris,R00165
E00146,country,France,R00165
E00146,email,robert.davis2@mail.com,R00165
E00147,name,Anthony Anderson,R00166
E00147,birth_year,1999,R00166
E00147,city,Toronto,R00166
E00147,country,Canada,R00166
E00147,email,anthony.anderson99@mail.com,R00166
E00148,name,Sarah Jones,R00167
E00148,birth_year,1975,R00167
E00148,city,Munich,R00167
E00148,country,Germany,R00167
E00148,email,sarah.jones75@mail.com,R00167
E00149,name,Richard Brown,R00168
E00149,birth_year,1977,R00168
E00149,city,Munich,R00168
E00149,country,Germany,R00168
E00149,email,richard.brown77@mail.com,R00168
E00150,name,Matthew Rodriguez,R00169
E00150,birth_year,1978,R00169
E00150,city,Munich,R00169
E00150,country,Germany,R00169
E00150,email,matthew.rodriguez78@mail.com,R00169
E00151,name,Jessica Miller,R00317
E00151,birth_year,1994,R00317
E00151,city,Lyon,"R00170,R00317"
E00151,country,France,"R00170,R00317"
E00151,email,jessica.miller94@mail.com,"R00170,R00317"
E00152,name,Joseph Garcia,R00172
E00152,birth_year,1969,R00172
E00152,city,Munich,R00172
E00152,country,Germany,R00172
E00152,email,joseph.garcia69@mail.com,R00172
E00153,name,Lisa Davis,R00173
E00153,birth_year,1998,R00173
E00153,city,Chennai,R00173
E00153,country,India,R00173
E00153,email,lisa.davis98@mail.com,R00173
E00154,name,Charles Wilson,R00174
E00154,birth_year,1976,R00174
E00154,city,Toronto,R00174
E00154,country,Canada,R00174
E00154,email,charles.wilson76@mail.com,R00174
E00155,name,Jessica Miller,R00175
E00155,birth_year,1974,R00175
E00155,city,Lyon,R00175
E00155,country,France,R00175
E00155,email,jessica.miller74@mail.com,R00175
E00156,name,Mary Jones,R00176
E00156,birth_year,1944,R00176
E00156,city,Chicago,R00176
E00156,country,USA,R00176
E00156,email,mary.jones44@mail.com,R00176
E00157,name,Linda Johnson,R00177
E00157,birth_year,1962,R00177
E00157,city,Mumbai,R00177
E00157,country,India,R00177
E00157,email,linda.johnson62@mail.com,R00177
E00158,name,John Thomas,R00178
E00158,birth_year,1952,R00178
E00158,city,Berlin,R00178
E00158,country,Germany,R00178
E00158,email,john.thomas52@mail.com,R00178
E00159,name,Charles Anderson,R00179
E00159,birth_year,1981,R00179
E00159,city,Paris,R00179
E00159,country,France,R00179
E00159,email,charles.anderson81@mail.com,R00179
E00160,name,Charles Davis,R00180
E00160,birth_year,1941,R00180
E00160,city,Munich,R00180
E00160,country,Germany,R00180
E00160,email,charles.davis41@mail.com,R00180
E00161,name,Arjun Miller,R00181
E00161,birth_year,1979,R00181
E00161,city,Chennai,R00181
E00161,country,India,R00181
E00161,email,arjun.miller79@mail.com,R00181
E00162,name,Jennifer Brown,R00182
E00162,birth_year,1968,R00182
E00162,city,Madrid,R00182
E00162,country,Spain,R00182
E00162,email,jennifer.brown68@mail.com,R00182
E00163,name,Sarah Moore,R00183
E00163,birth_year,1983,R00183
E00163,city,Chennai,R00183
E00163,country,India,R00183
E00163,email,sarah.moore83@mail.com,R00183
E00164,name,Linda Miller,R00184
E00164,birth_year,2003,R00184
E00164,city,Munich,R00184
E00164,country,Germany,R00184
E00164,email,linda.miller3@mail.com,R00184
E00165,name,Elizabeth Taylor,R00185
E00165,birth_year,1970,R00185
E00165,city,Lyon,R00185
E00165,country,France,R00185
E00165,email,elizabeth.taylor70@mail.com,R00185
E00166,name,Patricia Smith,R00186
E00166,birth_year,1984,R00186
E00166,city,Chennai,R00186
E00166,country,India,R00186
E00166,email,patricia.smith84@mail.com,R00186
E00167,name,Priya Thomas,R00187
E00167,birth_year,1955,R00187
E00167,city,Chennai,R00187
E00167,country,India,R00187
E00167,email,priya.thomas55@mail.com,R00187
E00168,name,Richard Brown,R00207
E00168,birth_year,1966,"R00188,R00207"
E00168,city,Mumbai,"R00188,R00207"
E00168,country,India,"R00188,R00207"
E00168,email,richard.brown66@mail.com,"R00188,R00207"
E00169,name,S. Miller,R00189
E00169,birth_year,2003,R00189
E00169,city,Mumboi,R00189
E00169,country,India,R00189
E00169,email,,
E00170,name,Jessica Kumar,R00190
E00170,birth_year,1985,R00190
E00170,city,Boston,R00190
E00170,country,USA,R00190
E00170,email,jessica.kumar85@mail.com,R00190
E00171,name,Charles Taylor,R00335
E00171,birth_year,2001,"R00191,R00335"
E00171,city,Lyon,"R00191,R00335"
E00171,country,France,"R00191,R00335"
E00171,email,charles.taylor1@mail.com,"R00191,R00335"
E00172,name,Joseph Johnson,R00192
E00172,birth_year,1973,R00192
E00172,city,Mumbai,R00192
E00172,country,India,R00192
E00172,email,joseph.johnson73@mail.com,R00192
E00173,name,Anthony Moore,R00193
E00173,birth_year,1950,R00193
E00173,city,Lyon,R00193
E00173,country,France,R00193
E00173,email,anthony.moore50@mail.com,R00193
E00174,name,Priya Smith,R00194
E00174,birth_year,1955,R00194
E00174,city,Berlin,R00194
E00174,country,Germany,R00194
E00174,email,priya.smith55@mail.com,R00194
E00175,name,John Smith,R00275
E00175,birth_year,1971,"R00195,R00275"
E00175,city,Chennai,"R00195,R00275"
E00175,country,India,"R00195,R00275"
E00175,email,john.smith71@mail.com,R00275
E00176,name,Joseph Anderson,R00196
E00176,birth_year,2002,R00196
E00176,city,Paris,R00196
E00176,country,France,R00196
E00176,email,joseph.anderson2@mail.com,R00196
E00177,name,Matthew Brown,R00198
E00177,birth_year,1974,R00198
E00177,city,,
E00177,country,France,R00198
E00177,email,matthew.brown74@mail.com,R00198
E00178,name,Richard Williams,R00199
E00178,birth_year,2003,R00199
E00178,city,Munich,R00199
E00178,country,Germany,R00199
E00178,email,richard.williams3@mail.com,R00199
E00179,name,David Thomas,R00200
E00179,birth_year,1967,R00200
E00179,city,Madrid,R00200
E00179,country,Spain,R00200
E00179,email,david.thomas67@mail.com,R00200
E00180,name,Lisa Moore,R00201
E00180,birth_year,1989,"R00201,R00301"
E00180,city,Mumbai,"R00201,R00301"
E00180,country,India,"R00201,R00301"
E00180,email,lisa.moore89@mail.com,R00201
E00181,name,Joseph Davis,R00202
E00181,birth_year,2003,R00202
E00181,city,Chicago,R00202
E00181,country,USA,R00202
E00181,email,joseph.davis3@mail.com,R00202
E00182,name,Anthony Anderson,R00203
E00182,birth_year,1957,R00203
E00182,city,Madrid,R00203
E00182,country,Spain,R00203
E00182,email,anthony.anderson57@mail.com,R00203
E00183,name,Sarah Davis,"R00204,R00214"
E00183,birth_year,1984,"R00204,R00214"
E00183,city,Munich,"R00204,R00214"
E00183,country,Germany,"R00204,R00214"
E00183,email,sarah.davis84@mail.com,"R00204,R00214"
E00184,name,Jennifer Garcia,R00206
E00184,birth_year,1997,R00206
E00184,city,Toronto,R00206
E00184,country,Canada,R00206
E00184,email,jennifer.garcia97@mail.com,R00206
E00185,name,Joseph Taylor,R00208
E00185,birth_year,1962,R00208
E00185,city,Madrid,R00208
E00185,country,Spain,R00208
E00185,email,joseph.taylor62@mail.com,R00208
E00186,name,Sarah Kumar,R00209
E00186,birth_year,1968,R00209
E00186,city,Boston,R00209
E00186,country,USA,R00209
E00186,email,sarah.kumar68@mail.com,R00209
E00187,name,Priya Davis,R00210
E00187,birth_year,1990,R00210
E00187,city,Toronto,R00210
E00187,country,Canada,R00210
E00187,email,priya.davis90@mail.com,R00210
E00188,name,Jessica Garcia,R00211
E00188,birth_year,1946,R00211
E00188,city,Munich,R00211
E00188,country,Germany,R00211
E00188,email,jessica.garcia46@mail.com,R00211
E00189,name,William Kumar,R00212
E00189,birth_year,1949,R00212
E00189,city,Chennai,R00212
E00189,country,India,R00212
E00189,email,william.kumar49@mail.com,R00212
E00190,name,Nancy Rodriguez,R00213
E00190,birth_year,1987,R00213
E00190,city,Mumbai,R00213
E00190,country,India,R00213
E00190,email,nancy.rodriguez87@mail.com,R00213
E00191,name,Elizabeth Smith,R00215
E00191,birth_year,1951,R00215
E00191,city,Lyon,R00215
E00191,country,France,R00215
E00191,email,elizabeth.smith51@mail.com,R00215
E00192,name,Patricia Taylor,R00216
E00192,birth_year,1977,R00216
E00192,city,Toronto,R00216
E00192,country,Canada,R00216
E00192,email,patricia.taylor77@mail.com,R00216
E00193,name,Susan Jones,R00217
E00193,birth_year,1948,R00217
E00193,city,Paris,R00217
E00193,country,France,R00217
E00193,email,susan.jones48@mail.com,R00217
E00194,name,William Thomas,R00218
E00194,birth_year,1945,R00218
E00194,city,Paris,R00218
E00194,country,France,R00218
E00194,email,william.thomas45@mail.com,R00218
E00195,name,Richard Taylor,"R00219,R00267"
E00195,birth_year,1948,"R00219,R00267"
E00195,city,Lyon,"R00219,R00267"
E00195,country,France,"R00219,R00267"
E00195,email,richard.taylor48@mail.com,"R00219,R00267"
E00196,name,Elizabeth Rodriguez,R00220
E00196,birth_year,1997,R00220
E00196,city,Berlin,R00220
E00196,country,Germany,R00220
E00196,email,elizabeth.rodriguez97@mail.com,R00220
E00197,name,Richard Moore,R00221
E00197,birth_year,1956,"R00221,R00352"
E00197,city,Madrid,"R00221,R00352"
E00197,country,Spain,"R00221,R00352"
E00197,email,richard.moore56@mail.com,"R00221,R00352"
E00198,name,John Moore,R00223
E00198,birth_year,1941,R00223
E00198,city,Chennai,R00223
E00198,country,India,R00223
E00198,email,john.moore41@mail.com,R00223
E00199,name,John Davis,R00224
E00199,birth_year,1991,R00224
E00199,city,,
E00199,country,France,R00224
E00199,email,john.davis91@mail.com,R00224
E00200,name,Charles Thomas,R00225
E00200,birth_year,1979,R00225
E00200,city,Berlin,R00225
E00200,country,Germany,R00225
E00200,email,charles.thomas79@mail.com,R00225
E00201,name,Charles Martinez,R00226
E00201,birth_year,1993,R00226
E00201,city,Chennai,R00226
E00201,country,India,R00226
E00201,email,charles.martinez93@mail.com,R00226
E00202,name,Priya Taylor,R00228
E00202,birth_year,1993,R00228
E00202,city,,
E00202,country,Germany,R00228
E00202,email,priya.taylor93@mail.com,R00228
E00203,name,Linda Anderson,R00230
E00203,birth_year,1950,R00230
E00203,city,Chennai,R00230
E00203,country,India,R00230
E00203,email,linda.anderson50@mail.com,R00230
E00204,name,Charles Wilson,R00232
E00204,birth_year,1949,R00232
E00204,city,Toronto,R00232
E00204,country,Canada,R00232
E00204,email,charles.wilson49@mail.com,R00232
E00205,name,Joseph Miller,R00233
E00205,birth_year,1984,R00233
E00205,city,Lyon,R00233
E00205,country,France,R00233
E00205,email,joseph.miller84@mail.com,R00233
E00206,name,William Garcia,R00234
E00206,birth_year,1976,R00234
E00206,city,Berlin,R00234
E00206,country,Germany,R00234
E00206,email,william.garcia76@mail.com,R00234
E00207,name,Jessica Miller,R00236
E00207,birth_year,1941,R00236
E00207,city,Toronto,R00236
E00207,country,Canada,R00236
E00207,email,jessica.miller41@mail.com,R00236
E00208,name,Jessica Johnson,"R00237,R00318"
E00208,birth_year,1967,"R00237,R00318"
E00208,city,Toronto,"R00237,R00318"
E00208,country,Canada,"R00237,R00318"
E00208,email,jessica.johnson67@mail.com,"R00237,R00318"
E00209,name,Thomas Smith,R00238
E00209,birth_year,1990,R00238
E00209,city,Mumbai,R00238
E00209,country,India,R00238
E00209,email,thomas.smith90@mail.com,R00238
E00210,name,Robert Moore,R00239
E00210,birth_year,1975,R00239
E00210,city,Chicago,R00239
E00210,country,USA,R00239
E00210,email,robert.moore75@mail.com,R00239
E00211,name,Richard Davis,R00240
E00211,birth_year,1974,"R00240,R00314"
E00211,city,Toronto,"R00240,R00314"
E00211,country,Canada,"R00240,R00314"
E00211,email,richard.davis74@mail.com,"R00240,R00314"
E00212,name,John Smith,R00241
E00212,birth_year,1943,"R00241,R00316"
E00212,city,Toronto,"R00241,R00316"
E00212,country,Canada,"R00241,R00316"
E00212,email,john.smith43@mail.com,R00241
E00213,name,Joseph Martinez,R00242
E00213,birth_year,1999,R00242
E00213,city,Madrid,R00242
E00213,country,Spain,R00242
E00213,email,joseph.martinez99@mail.com,R00242
E00214,name,Karen Johnson,R00243
E00214,birth_year,1967,R00243
E00214,city,Madrid,R00243
E00214,country,Spain,R00243
E00214,email,karen.johnson67@mail.com,R00243
E00215,name,William Smith,R00244
E00215,birth_year,1975,R00244
E00215,city,Madrid,R00244
E00215,country,Spain,R00244
E00215,email,william.smith75@mail.com,R00244
E00216,name,Matthew Miller,R00245
E00216,birth_year,1983,R00245
E00216,city,Chicago,R00245
E00216,country,USA,R00245
E00216,email,matthew.miller83@mail.com,R00245
E00217,name,Karen Brown,R00246
E00217,birth_year,1981,R00246
E00217,city,Paris,R00246
E00217,country,France,R00246
E00217,email,karen.brown81@mail.com,R00246
E00218,name,Matthew Smith,R00247
E00218,birth_year,1977,R00247
E00218,city,Mumbai,R00247
E00218,country,India,R00247
E00218,email,matthew.smith77@mail.com,R00247
E00219,name,Joseph Brown,R00248
E00219,birth_year,1997,"R00248,R00286"
E00219,city,Chennai,"R00248,R00286"
E00219,country,India,"R00248,R00286"
E00219,email,joseph.brown97@mail.com,"R00248,R00286"
E00220,name,Michael Martinez,"R00249,R00264"
E00220,birth_year,1992,"R00249,R00264"
E00220,city,Chennai,"R00249,R00264"
E00220,country,India,"R00249,R00264"
E00220,email,michael.martinez92@mail.com,"R00249,R00264"
E00221,name,Joseph Garcia,R00250
E00221,birth_year,1940,R00250
E00221,city,Lyon,R00250
E00221,country,France,R00250
E00221,email,joseph.garcia40@mail.com,R00250
E00222,name,Patricia Moore,R00251
E00222,birth_year,1997,R00251
E00222,city,Mumbai,R00251
E00222,country,India,R00251
E00222,email,patricia.moore97@mail.com,R00251
E00223,name,Sarah Miller,R00252
E00223,birth_year,2003,R00252
E00223,city,Mumbai,R00252
E00223,country,India,R00252
E00223,email,sarah.miller3@mail.com,R00252
E00224,name,Lisa Thomas,R00253
E00224,birth_year,1968,R00253
E00224,city,Toronto,R00253
E00224,country,Canada,R00253
E00224,email,lisa.thomas68@mail.com,R00253
E00225,name,Susan Anderson,R00254
E00225,birth_year,1998,R00254
E00225,city,Chennai,R00254
E00225,country,India,R00254
E00225,email,susan.anderson98@mail.com,R00254
E00226,name,Jennifer Johnson,R00255
E00226,birth_year,1951,R00255
E00226,city,Chennai,R00255
E00226,country,India,R00255
E00226,email,jennifer.johnson51@mail.com,R00255
E00227,name,Michael Wilson,R00256
E00227,birth_year,1979,R00256
E00227,city,Lyon,R00256
E00227,country,France,R00256
E00227,email,michael.wilson79@mail.com,R00256
E00228,name,Susan Martinez,R00257
E00228,birth_year,1954,R00257
E00228,city,Chicago,R00257
E00228,country,USA,R00257
E00228,email,susan.martinez54@mail.com,R00257
E00229,name,Elizabeth Wilson,R00258
E00229,birth_year,1993,R00258
E00229,city,Chennai,R00258
E00229,country,India,R00258
E00229,email,elizabeth.wilson93@mail.com,R00258
E00230,name,Linda Williams,R00259
E00230,birth_year,1946,R00259
E00230,city,Madrid,R00259
E00230,country,Spain,R00259
E00230,email,linda.williams46@mail.com,R00259
E00231,name,David Miller,R00260
E00231,birth_year,1949,R00260
E00231,city,Berlin,R00260
E00231,country,Germany,R00260
E00231,email,david.miller49@mail.com,R00260
E00232,name,Karen Rodriguez,R00261
E00232,birth_year,1953,R00261
E00232,city,Munich,R00261
E00232,country,Germany,R00261
E00232,email,karen.rodriguez53@mail.com,R00261
E00233,name,Jennifer Wilson,R00262
E00233,birth_year,2004,R00262
E00233,city,Chicago,R00262
E00233,country,USA,R00262
E00233,email,jennifer.wilson4@mail.com,R00262
E00234,name,Jennifer Rodriguez,R00265
E00234,birth_year,2002,R00265
E00234,city,Paris,R00265
E00234,country,France,R00265
E00234,email,jennifer.rodriguez2@mail.com,R00265
E00235,name,Patricia Smith,R00266
E00235,birth_year,1979,R00266
E00235,city,Boston,R00266
E00235,country,USA,R00266
E00235,email,patricia.smith79@mail.com,R00266
E00236,name,Jennifer Miller,R00268
E00236,birth_year,1979,"R00268,R00270"
E00236,city,Munich,"R00268,R00270"
E00236,country,Germany,"R00268,R00270"
E00236,email,jennifer.miller79@mail.com,"R00268,R00270"
E00237,name,Elizabeth Taylor,"R00269,R00350"
E00237,birth_year,1983,"R00269,R00350"
E00237,city,Madrid,"R00269,R00350"
E00237,country,Spain,"R00269,R00350"
E00237,email,elizabeth.taylor83@mail.com,"R00269,R00350"
E00238,name,Daniel Jones,R00271
E00238,birth_year,1960,R00271
E00238,city,Chennai,R00271
E00238,country,India,R00271
E00238,email,daniel.jones60@mail.com,R00271
E00239,name,Richard Anderson,R00313
E00239,birth_year,1974,"R00272,R00313"
E00239,city,Mumbai,"R00272,R00313"
E00239,country,India,"R00272,R00313"
E00239,email,richard.anderson74@mail.com,R00313
E00240,name,Priya Johnson,R00273
E00240,birth_year,2003,R00273
E00240,city,Boston,R00273
E00240,country,USA,R00273
E00240,email,priya.johnson3@mail.com,R00273
E00241,name,Jennifer Thomas,R00339
E00241,birth_year,1946,"R00274,R00339"
E00241,city,Lyon,"R00274,R00339"
E00241,country,France,"R00274,R00339"
E00241,email,jennifer.thomas46@mail.com,"R00274,R00339"
E00242,name,Nancy Thomas,R00276
E00242,birth_year,1955,R00276
E00242,city,Chennai,R00276
E00242,country,India,R00276
E00242,email,nancy.thomas55@mail.com,R00276
E00243,name,Priya Jones,R00277
E00243,birth_year,1990,R00277
E00243,city,Chennai,R00277
E00243,country,India,R00277
E00243,email,priya.jones90@mail.com,R00277
E00244,name,Sarah Brown,R00278
E00244,birth_year,1988,R00278
E00244,city,Boston,R00278
E00244,country,USA,R00278
E00244,email,sarah.brown88@mail.com,R00278
E00245,name,Anthony Miller,R00279
E00245,birth_year,1979,R00279
E00245,city,Lyon,R00279
E00245,country,France,R00279
E00245,email,anthony.miller79@mail.com,R00279
E00246,name,Linda Miller,R00280
E00246,birth_year,1982,R00280
E00246,city,Mumbai,R00280
E00246,country,India,R00280
E00246,email,linda.miller82@mail.com,R00280
E00247,name,Daniel Thomas,R00281
E00247,birth_year,1945,R00281
E00247,city,Mumbai,R00281
E00247,country,India,R00281
E00247,email,daniel.thomas45@mail.com,R00281
E00248,name,Robert Moore,R00282
E00248,birth_year,1951,R00282
E00248,city,Madrid,R00282
E00248,country,Spain,R00282
E00248,email,robert.moore51@mail.com,R00282
E00249,name,Lisa Wilson,R00284
E00249,birth_year,1974,R00284
E00249,city,,
E00249,country,India,R00284
E00249,email,lisa.wilson74@mail.com,R00284
E00250,name,William Martinez,R00285
E00250,birth_year,1994,R00285
E00250,city,Mumbai,R00285
E00250,country,India,R00285
E00250,email,william.martinez94@mail.com,R00285
E00251,name,Karen Davis,R00288
E00251,birth_year,1950,R00288
E00251,city,Chennai,R00288
E00251,country,India,R00288
E00251,email,karen.davis50@mail.com,R00288
E00252,name,Priya Jones,R00290
E00252,birth_year,1973,R00290
E00252,city,Boston,R00290
E00252,country,USA,R00290
E00252,email,priya.jones73@mail.com,R00290
E00253,name,Michael Miller,R00291
E00253,birth_year,1994,R00291
E00253,city,Paris,R00291
E00253,country,France,R00291
E00253,email,michael.miller94@mail.com,R00291
E00254,name,Nancy Thomas,R00292
E00254,birth_year,1942,R00292
E00254,city,Munich,R00292
E00254,country,Germany,R00292
E00254,email,nancy.thomas42@mail.com,R00292
E00255,name,Karen Rodriguez,R00293
E00255,birth_year,1996,R00293
E00255,city,Toronto,R00293
E00255,country,Canada,R00293
E00255,email,karen.rodriguez96@mail.com,R00293
E00256,name,David Kumar,R00294
E00256,birth_year,1979,R00294
E00256,city,Chennai,R00294
E00256,country,India,R00294
E00256,email,david.kumar79@mail.com,R00294
E00257,name,Nancy Kumar,R00295
E00257,birth_year,1970,R00295
E00257,city,Mumbai,R00295
E00257,country,India,R00295
E00257,email,nancy.kumar70@mail.com,R00295
E00258,name,Charles Anderson,R00296
E00258,birth_year,1952,R00296
E00258,city,Mumbai,R00296
E00258,country,India,R00296
E00258,email,charles.anderson52@mail.com,R00296
E00259,name,Joseph Johnson,R00297
E00259,birth_year,2001,R00297
E00259,city,Munich,R00297
E00259,country,Germany,R00297
E00259,email,joseph.johnson1@mail.com,R00297
E00260,name,John Johnson,R00299
E00260,birth_year,1947,R00299
E00260,city,Toronto,R00299
E00260,country,Canada,R00299
E00260,email,john.johnson47@mail.com,R00299
E00261,name,Lisa Garcia,R00300
E00261,birth_year,1962,R00300
E00261,city,Berlin,R00300
E00261,country,Germany,R00300
E00261,email,lisa.garcia62@mail.com,R00300
E00262,name,Michael Davis,R00302
E00262,birth_year,1943,R00302
E00262,city,Lyon,R00302
E00262,country,France,R00302
E00262,email,michael.davis43@mail.com,R00302
E00263,name,Thomas Anderson,R00303
E00263,birth_year,1988,R00303
E00263,city,Lyun,R00303
E00263,country,France,R00303
E00263,email,thomas.anderson88@mail.com,R00303
E00264,name,Karen Anderson,R00304
E00264,birth_year,2002,R00304
E00264,city,Boston,R00304
E00264,country,USA,R00304
E00264,email,karen.anderson2@mail.com,R00304
E00265,name,Joseph Thomas,R00305
E00265,birth_year,1990,R00305
E00265,city,Berlin,R00305
E00265,country,Germany,R00305
E00265,email,joseph.thomas90@mail.com,R00305
E00266,name,Thomas Garcia,R00306
E00266,birth_year,1970,R00306
E00266,city,Berlin,R00306
E00266,country,Germany,R00306
E00266,email,thomas.garcia70@mail.com,R00306
E00267,name,Priya Miller,R00307
E00267,birth_year,1999,R00307
E00267,city,Madrid,R00307
E00267,country,Spain,R00307
E00267,email,priya.miller99@mail.com,R00307
E00268,name,Sarah Anderson,R00308
E00268,birth_year,1965,R00308
E00268,city,Toronto,R00308
E00268,country,Canada,R00308
E00268,email,sarah.anderson65@mail.com,R00308
E00269,name,Thomas Garcia,R00309
E00269,birth_year,2005,R00309
E00269,city,Paris,R00309
E00269,country,France,R00309
E00269,email,thomas.garcia5@mail.com,R00309
E00270,name,Lisa Smith,R00311
E00270,birth_year,1989,R00311
E00270,city,Toronto,R00311
E00270,country,Canada,R00311
E00270,email,lisa.smith89@mail.com,R00311
E00271,name,Robert Anderson,R00312
E00271,birth_year,1979,R00312
E00271,city,Boston,R00312
E00271,country,USA,R00312
E00271,email,robert.anderson79@mail.com,R00312
E00272,name,Richard Thomas,R00315
E00272,birth_year,1964,R00315
E00272,city,Chennai,R00315
E00272,country,India,R00315
E00272,email,richard.thomas64@mail.com,R00315
E00273,name,Linda Rodriguez,R00319
E00273,birth_year,1954,R00319
E00273,city,Madrid,R00319
E00273,country,Spain,R00319
E00273,email,linda.rodriguez54@mail.com,R00319
E00274,name,Michael Williams,R00320
E00274,birth_year,1999,R00320
E00274,city,Chennai,R00320
E00274,country,India,R00320
E00274,email,michael.williams99@mail.com,R00320
E00275,name,Sarah Miller,R00321
E00275,birth_year,1955,R00321
E00275,city,Boston,R00321
E00275,country,USA,R00321
E00275,email,sarah.miller55@mail.com,R00321
E00276,name,John Taylor,R00323
E00276,birth_year,1967,R00323
E00276,city,Boston,R00323
E00276,country,USA,R00323
E00276,email,john.taylor67@mail.com,R00323
E00277,name,Michael Johnson,R00324
E00277,birth_year,1980,R00324
E00277,city,Madrid,R00324
E00277,country,Spain,R00324
E00277,email,michael.johnson80@mail.com,R00324
E00278,name,Thomas Rodriguez,
E00278,birth_year,,
E00278,city,Chicago,R00325
E00278,country,USA,R00325
E00278,email,,
E00279,name,Matthew Williams,R00326
E00279,birth_year,2005,R00326
E00279,city,Chicago,R00326
E00279,country,USA,R00326
E00279,email,matthew.williams5@mail.com,R00326
E00280,name,Arjun Jones,R00327
E00280,birth_year,1996,R00327
E00280,city,Mumbai,R00327
E00280,country,India,R00327
E00280,email,arjun.jones96@mail.com,R00327
E00281,name,Joseph Garcia,R00328
E00281,birth_year,2001,R00328
E00281,city,Chennai,R00328
E00281,country,India,R00328
E00281,email,joseph.garcia1@mail.com,R00328
E00282,name,Michael Williams,R00329
E00282,birth_year,1972,R00329
E00282,city,Lyon,R00329
E00282,country,France,R00329
E00282,email,michael.williams72@mail.com,R00329
E00283,name,Joseph Wilson,R00330
E00283,birth_year,1995,R00330
E00283,city,Munich,R00330
E00283,country,Germany,R00330
E00283,email,joseph.wilson95@mail.com,R00330
E00284,name,Charles Miller,R00332
E00284,birth_year,1970,R00332
E00284,city,Mumbai,R00332
E00284,country,India,R00332
E00284,email,charles.miller70@mail.com,R00332
E00285,name,Michael Johnson,R00333
E00285,birth_year,1975,R00333
E00285,city,Lyon,R00333
E00285,country,France,R00333
E00285,email,michael.johnson75@mail.com,R00333
E00286,name,Patricia Davis,R00334
E00286,birth_year,1990,R00334
E00286,city,Mumbai,R00334
E00286,country,India,R00334
E00286,email,patricia.davis90@mail.com,R00334
E00287,name,David Brown,R00336
E00287,birth_year,1945,R00336
E00287,city,Chennai,R00336
E00287,country,India,R00336
E00287,email,david.brown45@mail.com,R00336
E00288,name,David Thomas,R00337
E00288,birth_year,1978,R00337
E00288,city,Berlin,R00337
E00288,country,Germany,R00337
E00288,email,david.thomas78@mail.com,R00337
E00289,name,John Rodriguez,R00338
E00289,birth_year,1951,R00338
E00289,city,Chennai,R00338
E00289,country,India,R00338
E00289,email,john.rodriguez51@mail.com,R00338
E00290,name,John Taylor,R00340
E00290,birth_year,1974,R00340
E00290,city,Chicago,R00340
E00290,country,USA,R00340
E00290,email,john.taylor74@mail.com,R00340
E00291,name,Sarah Moore,R00341
E00291,birth_year,2000,R00341
E00291,city,Boston,R00341
E00291,country,USA,R00341
E00291,email,sarah.moore0@mail.com,R00341
E00292,name,Priya Wilson,R00342
E00292,birth_year,1997,R00342
E00292,city,Boston,R00342
E00292,country,USA,R00342
E00292,email,priya.wilson97@mail.com,R00342
E00293,name,Priya Thomas,R00343
E00293,birth_year,2004,R00343
E00293,city,Munich,R00343
E00293,country,Germany,R00343
E00293,email,priya.thomas4@mail.com,R00343
E00294,name,Jennifer Brown,R00344
E00294,birth_year,1959,R00344
E00294,city,Paris,R00344
E00294,country,France,R00344
E00294,email,jennifer.brown59@mail.com,R00344
E00295,name,Matthew Smith,R00345
E00295,birth_year,1994,R00345
E00295,city,,
E00295,country,Spain,R00345
E00295,email,matthew.smith94@mail.com,R00345
E00296,name,Susan Jones,R00346
E00296,birth_year,1993,R00346
E00296,city,Berlin,R00346
E00296,country,Germany,R00346
E00296,email,susan.jones93@mail.com,R00346
E00297,name,Anthony Martinez,R00347
E00297,birth_year,1987,R00347
E00297,city,Berlin,R00347
E00297,country,Germany,R00347
E00297,email,anthony.martinez87@mail.com,R00347
E00298,name,Mary Smith,R00348
E00298,birth_year,1940,R00348
E00298,city,Chicago,R00348
E00298,country,USA,R00348
E00298,email,mary.smith40@mail.com,R00348
E00299,name,Joseph Martinez,R00349
E00299,birth_year,1942,R00349
E00299,city,Berlin,R00349
E00299,country,Germany,R00349
E00299,email,joseph.martinez42@mail.com,R00349
E00300,name,Jessica Williams,R00354
E00300,birth_year,1988,R00354
E00300,city,Berlin,R00354
E00300,country,Germany,R00354
E00300,email,jessica.williams88@mail.com,R00354
E00301,name,Thomas Rodriguez,R00355
E00301,birth_year,1982,R00355
E00301,city,Chicago,R00355
E00301,country,USA,R00355
E00301,email,thomas.rodriguez82@mail.com,R00355
