entity_id,source_records,name,birth_year,city,country,email
E00000,R00000,Joseph Moore,1954.0,Chicago,USA,joseph.moore54@mail.com
E00001,R00001,Sarah Kumar,1959.0,Lyon,France,sarah.kumar59@mail.com
E00002,R00002,Richard Taylor,1976.0,Munich,Germany,richard.taylor76@mail.com
E00003,R00003,William Thomas,1964.0,Chicago,USA,william.thomas64@mail.com
E00004,"R00004,R00021",Anthony Smith,1955.0,Chennai,India,anthony.smith55@mail.com
E00005,R00005,John Smith,1979.0,Madrid,Spain,john.smith79@mail.com
E00006,"R00006,R00235",Richard Rodriguez,1968.0,Paris,France,richard.rodriguez68@mail.com
E00007,"R00007,R00222",William Thomas,1947.0,Toronto,Canada,william.thomas47@mail.com
E00008,R00008,David Moore,1960.0,Berlin,Germany,david.moore60@mail.com
E00009,"R00009,R00010",Joseph Wilson,1952.0,Boston,USA,joseph.wilson52@mail.com
E00010,"R00011,R00071",Matthew Martinez,1942.0,Boston,USA,matthew.martinez42@mail.com
E00011,R00012,Susan Anderson,1951.0,Chicago,USA,susan.anderson51@mail.com
E00012,"R00013,R00205",Matthew Martinez,1955.0,Mumbai,India,matthew.martinez55@mail.com
E00013,R00014,Lisa Davis,1970.0,Mumbai,India,lisa.davis70@mail.com
E00014,R00015,Richard Williams,1978.0,Paris,France,richard.williams78@mail.com
E00015,"R00016,R00099",Richard Martinez,1971.0,Mumbai,India,richard.martinez71@mail.com
E00016,"R00017,R00084",Linda Rodriguez,1974.0,Munich,Germany,linda.rodriguez74@mail.com
E00017,"R00018,R00108",Michael Williams,1996.0,Munich,Germany,michael.williams96@mail.com
E00018,"R00019,R00142",John Smith,1951.0,Boston,USA,john.smith51@mail.com
E00019,"R00020,R00112",Anthony Anderson,1989.0,Toronto,Canada,anthony.anderson89@mail.com
E00020,R00022,Patricia Thomas,1948.0,Mumbai,India,patricia.thomas48@mail.com
E00021,R00023,Mary Martinez,1949.0,Lyon,France,mary.martinez49@mail.com
E00022,"R00024,R00287",Priya Martinez,1956.0,Munich,Germany,priya.martinez56@mail.com
E00023,R00025,Thomas Davis,1943.0,Boston,USA,thomas.davis43@mail.com
E00024,"R00026,R00090",Nancy Kumar,2001.0,Mumbai,India,nancy.kumar1@mail.com
E00025,R00027,David Davis,1988.0,Toronto,Canada,david.davis88@mail.com
E00026,R00028,Richard Garcia,1943.0,Berlin,Germany,richard.garcia43@mail.com
E00027,"R00029,R00310",Charles Jones,1967.0,Mumbai,India,charles.jones67@mail.com
E00028,R00030,David Johnson,1949.0,Lyon,France,david.johnson49@mail.com
E00029,"R00031,R00161",Jennifer Rodriguez,1977.0,Chicago,USA,jennifer.rodriguez77@mail.com
E00030,R00032,John Miller,1996.0,Madrid,Spain,john.miller96@mail.com
E00031,R00033,Daniel Smith,1977.0,Berlin,Germany,daniel.smith77@mail.com
E00032,R00034,Sarah Smith,1981.0,Madrid,Spain,sarah.smith81@mail.com
E00033,"R00035,R00227",Jennifer Anderson,1977.0,Lyon,France,jennifer.anderson77@mail.com
E00034,R00036,Jessica Jones,1956.0,Chennai,India,jessica.jones56@mail.com
E00035,"R00037,R00351",Robert Williams,1956.0,Munich,Germany,robert.williams56@mail.com
E00036,R00038,Karen Garcia,1951.0,Toronto,Canada,karen.garcia51@mail.com
E00037,R00039,Mary Anderson,1993.0,Boston,USA,mary.anderson93@mail.com
E00038,R00040,Patricia Johnson,1964.0,Munich,Germany,patricia.johnson64@mail.com
E00039,R00041,Lisa Rodriguez,1962.0,Chicago,USA,lisa.rodriguez62@mail.com
E00040,"R00042,R00052",Sarah Johnson,1979.0,Madrid,Spain,sarah.johnson79@mail.com
E00041,R00043,Nancy Wilson,1968.0,Chennai,India,nancy.wilson68@mail.com
E00042,"R00044,R00283",Nancy Kumar,1957.0,Madrid,Spain,nancy.kumar57@mail.com
E00043,"R00045,R00289",David Williams,1950.0,Lyon,France,david.williams50@mail.com
E00044,R00046,Jennifer Garcia,1972.0,Toronto,Canada,jennifer.garcia72@mail.com
E00045,R00047,Charles Kumar,1972.0,Munich,Germany,charles.kumar72@mail.com
E00046,R00048,Michael Jones,1973.0,Chennai,India,michael.jones73@mail.com
E00047,R00049,Karen Davis,1991.0,Toronto,Canada,karen.davis91@mail.com
E00048,"R00050,R00331",Robert Jones,1961.0,Berlin,Germany,robert.jones61@mail.com
E00049,R00051,Lisa Brown,1960.0,Toronto,Canada,lisa.brown60@mail.com
E00050,R00053,Robert Anderson,1960.0,Toronto,Canada,robert.anderson60@mail.com
E00051,"R00054,R00077",Richard Moore,1954.0,Chennai,India,richard.moore54@mail.com
E00052,"R00055,R00083",Patricia Jones,1957.0,Chennai,India,patricia.jones57@mail.com
E00053,R00056,David Thomas,1976.0,Chicago,USA,david.thomas76@mail.com
E00054,R00057,Michael Moore,1943.0,Chennai,India,michael.moore43@mail.com
E00055,"R00058,R00085",Thomas Johnson,1974.0,Toronto,Canada,thomas.johnson74@mail.com
E00056,R00059,David Williams,1949.0,Paris,France,david.williams49@mail.com
E00057,"R00060,R00131",Priya Taylor,1942.0,Lyon,France,priya.taylor42@mail.com
E00058,R00061,Nancy Taylor,1962.0,Berlin,Germany,nancy.taylor62@mail.com
E00059,R00062,Michael Wilson,1954.0,Madrid,Spain,michael.wilson54@mail.com
E00060,R00063,Jessica Anderson,1946.0,Lyon,France,jessica.anderson46@mail.com
E00061,"R00064,R00229",Jessica Johnson,1985.0,Toronto,Canada,jessica.johnson85@mail.com
E00062,R00065,Lisa Miller,1962.0,Chennai,India,lisa.miller62@mail.com
E00063,"R00066,R00298",Daniel Thomas,1960.0,Lyon,France,daniel.thomas60@mail.com
E00064,R00067,David Williams,1997.0,Boston,USA,david.williams97@mail.com
E00065,R00068,John Taylor,1958.0,Paris,France,john.taylor58@mail.com
E00066,"R00069,R00144",Patricia Garcia,1952.0,Munich,Germany,patricia.garcia52@mail.com
E00067,"R00070,R00197",Mary Smith,1967.0,Paris,France,mary.smith67@mail.com
E00068,R00072,Patricia Rodriguez,2005.0,Munich,Germany,patricia.rodriguez5@mail.com
E00069,R00073,Thomas Rodriguez,2002.0,Berlin,Germany,thomas.rodriguez2@mail.com
E00070,R00074,William Kumar,1985.0,Chennai,India,william.kumar85@mail.com
E00071,R00075,Daniel Johnson,1957.0,Paris,France,daniel.johnson57@mail.com
E00072,R00076,Jessica Williams,1964.0,,France,jessica.williams64@mail.com
E00073,R00078,John Garcia,1973.0,Mumbai,India,john.garcia73@mail.com
E00074,R00079,Matthew Wilson,1969.0,Boston,USA,matthew.wilson69@mail.com
E00075,R00080,Anthony Kumar,1991.0,Boston,USA,anthony.kumar91@mail.com
E00076,"R00081,R00098",Joseph Thomas,1940.0,Chicago,USA,joseph.thomas40@mail.com
E00077,"R00082,R00171",Priya Brown,1995.0,Boston,USA,priya.brown95@mail.com
E00078,R00086,Robert Williams,1953.0,Chennai,India,robert.williams53@mail.com
E00079,"R00087,R00101",Arjun Taylor,2005.0,Chicago,USA,arjun.taylor5@mail.com
E00080,R00088,Anthony Johnson,1967.0,Lyon,France,anthony.johnson67@mail.com
E00081,R00089,Daniel Brown,1967.0,Lyon,France,daniel.brown67@mail.com
E00082,R00091,Lisa Kumar,1990.0,Lyon,France,lisa.kumar90@mail.com
E00083,R00092,Priya Garcia,1965.0,Mumbai,India,priya.garcia65@mail.com
E00084,R00093,Elizabeth Brown,1943.0,Lyon,France,elizabeth.brown43@mail.com
E00085,R00094,David Jones,2001.0,Lyon,France,david.jones1@mail.com
E00086,R00095,Jessica Thomas,1979.0,Chicago,USA,jessica.thomas79@mail.com
E00087,R00096,Elizabeth Martinez,2003.0,Toronto,Canada,elizabeth.martinez3@mail.com
E00088,R00097,David Davis,1957.0,Lyon,France,david.davis57@mail.com
E00089,R00100,Matthew Rodriguez,1985.0,Madrid,Spain,matthew.rodriguez85@mail.com
E00090,R00102,Nancy Smith,1969.0,Berlin,Germany,nancy.smith69@mail.com
E00091,"R00103,R00231",Daniel Taylor,1949.0,Madrid,Spain,daniel.taylor49@mail.com
E00092,"R00104,R00109",Linda Williams,1968.0,Chennai,India,linda.williams68@mail.com
E00093,R00105,Nancy Jones,1992.0,Chennai,India,nancy.jones92@mail.com
E00094,R00106,Joseph Garcia,1959.0,Paris,France,joseph.garcia59@mail.com
E00095,R00107,Charles Garcia,1951.0,Boston,USA,charles.garcia51@mail.com
E00096,R00110,Richard Anderson,1957.0,Lyon,France,richard.anderson57@mail.com
E00097,R00111,Nancy Davis,1943.0,Madrid,Spain,nancy.davis43@mail.com
E00098,R00113,Richard Wilson,1981.0,Madrid,Spain,richard.wilson81@mail.com
E00099,R00114,Anthony Wilson,2003.0,Chicago,USA,anthony.wilson3@mail.com
E00100,R00115,Patricia Martinez,1952.0,Boston,USA,patricia.martinez52@mail.com
E00101,"R00116,R00263",Joseph Miller,1961.0,Toronto,Canada,joseph.miller61@mail.com
E00102,R00117,Karen Johnson,1961.0,Chennai,India,karen.johnson61@mail.com
E00103,"R00118,R00353",Daniel Rodriguez,1956.0,Paris,France,daniel.rodriguez56@mail.com
E00104,R00119,David Anderson,2001.0,Mumbai,India,david.anderson1@mail.com
E00105,R00120,Lisa Wilson,1994.0,Paris,France,lisa.wilson94@mail.com
E00106,R00121,William Garcia,2005.0,Boston,USA,william.garcia5@mail.com
E00107,R00122,Patricia Williams,1971.0,Munich,Germany,patricia.williams71@mail.com
E00108,R00123,Priya Garcia,1997.0,Toronto,Canada,priya.garcia97@mail.com
E00109,R00124,Elizabeth Johnson,1981.0,Berlin,Germany,elizabeth.johnson81@mail.com
E00110,R00125,David Davis,1953.0,Mumbai,India,david.davis53@mail.com
E00111,R00126,Elizabeth Moore,1989.0,Munich,Germany,elizabeth.moore89@mail.com
E00112,R00127,Mary Moore,1978.0,Lyon,France,mary.moore78@mail.com
E00113,R00128,Nancy Kumar,1953.0,Berlin,Germany,nancy.kumar53@mail.com
E00114,"R00129,R00322",Thomas Miller,1986.0,Toronto,Canada,thomas.miller86@mail.com
E00115,R00130,William Wilson,1957.0,Mumbai,India,william.wilson57@mail.com
E00116,R00132,Daniel Taylor,1961.0,Berlin,Germany,daniel.taylor61@mail.com
E00117,R00133,Matthew Thomas,1942.0,Paris,France,matthew.thomas42@mail.com
E00118,R00134,Thomas Smith,1964.0,Chennai,India,thomas.smith64@mail.com
E00119,R00135,Robert Moore,1942.0,Berlin,Germany,robert.moore42@mail.com
E00120,R00136,Lisa Jones,1990.0,Chicago,USA,lisa.jones90@mail.com
E00121,R00137,David Jones,1945.0,Mumbai,India,david.jones45@mail.com
E00122,R00138,Karen Martinez,1972.0,Chicago,USA,karen.martinez72@mail.com
E00123,R00139,Jessica Moore,1986.0,Toronto,Canada,jessica.moore86@mail.com
E00124,R00140,Priya Smith,1968.0,Chicago,USA,priya.smith68@mail.com
E00125,R00141,Robert Taylor,2005.0,Madrid,Spain,robert.taylor5@mail.com
E00126,R00143,Arjun Davis,1948.0,Paris,France,arjun.davis48@mail.com
E00127,R00145,Anthony Rodriguez,1949.0,Chennai,India,anthony.rodriguez49@mail.com
E00128,R00146,Karen Miller,1974.0,Mumbai,India,karen.miller74@mail.com
E00129,R00147,Mary Smith,1941.0,Chennai,India,mary.smith41@mail.com
E00130,R00148,Anthony Wilson,1986.0,Mumbai,India,anthony.wilson86@mail.com
E00131,R00149,Jessica Wilson,2002.0,Munich,Germany,jessica.wilson2@mail.com
E00132,R00150,Daniel Moore,1958.0,Madrid,Spain,daniel.moore58@mail.com
E00133,R00151,Patricia Miller,1989.0,Munich,Germany,patricia.miller89@mail.com
E00134,R00152,William Brown,2002.0,Paris,France,william.brown2@mail.com
E00135,R00153,Sarah Brown,1963.0,Paris,France,sarah.brown63@mail.com
E00136,R00154,Jennifer Williams,1941.0,Mumbai,India,jennifer.williams41@mail.com
E00137,R00155,Lisa Johnson,1988.0,Chennai,India,lisa.johnson88@mail.com
E00138,R00156,Elizabeth Jones,2004.0,Chicago,USA,elizabeth.jones4@mail.com
E00139,R00157,Anthony Martinez,1956.0,Munich,Germany,anthony.martinez56@mail.com
E00140,R00158,Elizabeth Martinez,1960.0,Boston,USA,elizabeth.martinez60@mail.com
E00141,R00159,John Taylor,1994.0,Boston,USA,john.taylor94@mail.com
E00142,R00160,John Anderson,2002.0,Chennai,India,john.anderson2@mail.com
E00143,R00162,Matthew Rodriguez,1973.0,Munich,Germany,matthew.rodriguez73@mail.com
E00144,R00163,Michael Johnson,2004.0,Mumbai,India,michael.johnson4@mail.com
E00145,R00164,Susan Smith,1982.0,Chicago,USA,susan.smith82@mail.com
E00146,R00165,Robert Davis,2002.0,Paris,France,robert.davis2@mail.com
E00147,R00166,Anthony Anderson,1999.0,Toronto,Canada,anthony.anderson99@mail.com
E00148,R00167,Sarah Jones,1975.0,Munich,Germany,sarah.jones75@mail.com
E00149,R00168,Richard Brown,1977.0,Munich,Germany,richard.brown77@mail.com
E00150,R00169,Matthew Rodriguez,1978.0,Munich,Germany,matthew.rodriguez78@mail.com
E00151,"R00170,R00317",Jessica Miller,1994.0,Lyon,France,jessica.miller94@mail.com
E00152,R00172,Joseph Garcia,1969.0,Munich,Germany,joseph.garcia69@mail.com
E00153,R00173,Lisa Davis,1998.0,Chennai,India,lisa.davis98@mail.com
E00154,R00174,Charles Wilson,1976.0,Toronto,Canada,charles.wilson76@mail.com
E00155,R00175,Jessica Miller,1974.0,Lyon,France,jessica.miller74@mail.com
E00156,R00176,Mary Jones,1944.0,Chicago,USA,mary.jones44@mail.com
E00157,R00177,Linda Johnson,1962.0,Mumbai,India,linda.johnson62@mail.com
E00158,R00178,John Thomas,1952.0,Berlin,Germany,john.thomas52@mail.com
E00159,R00179,Charles Anderson,1981.0,Paris,France,charles.anderson81@mail.com
E00160,R00180,Charles Davis,1941.0,Munich,Germany,charles.davis41@mail.com
E00161,R00181,Arjun Miller,1979.0,Chennai,India,arjun.miller79@mail.com
E00162,R00182,Jennifer Brown,1968.0,Madrid,Spain,jennifer.brown68@mail.com
E00163,R00183,Sarah Moore,1983.0,Chennai,India,sarah.moore83@mail.com
E00164,R00184,Linda Miller,2003.0,Munich,Germany,linda.miller3@mail.com
E00165,R00185,Elizabeth Taylor,1970.0,Lyon,France,elizabeth.taylor70@mail.com
E00166,R00186,Patricia Smith,1984.0,Chennai,India,patricia.smith84@mail.com
E00167,R00187,Priya Thomas,1955.0,Chennai,India,priya.thomas55@mail.com
E00168,"R00188,R00207",Richard Brown,1966.0,Mumbai,India,richard.brown66@mail.com
E00169,R00189,S. Miller,2003.0,Mumboi,India,
E00170,R00190,Jessica Kumar,1985.0,Boston,USA,jessica.kumar85@mail.com
E00171,"R00191,R00335",Charles Taylor,2001.0,Lyon,France,charles.taylor1@mail.com
E00172,R00192,Joseph Johnson,1973.0,Mumbai,India,joseph.johnson73@mail.com
E00173,R00193,Anthony Moore,1950.0,Lyon,France,anthony.moore50@mail.com
E00174,R00194,Priya Smith,1955.0,Berlin,Germany,priya.smith55@mail.com
E00175,"R00195,R00275",John Smith,1971.0,Chennai,India,john.smith71@mail.com
E00176,R00196,Joseph Anderson,2002.0,Paris,France,joseph.anderson2@mail.com
E00177,R00198,Matthew Brown,1974.0,,France,matthew.brown74@mail.com
E00178,R00199,Richard Williams,2003.0,Munich,Germany,richard.williams3@mail.com
E00179,R00200,David Thomas,1967.0,Madrid,Spain,david.thomas67@mail.com
E00180,"R00201,R00301",Lisa Moore,1989.0,Mumbai,India,lisa.moore89@mail.com
E00181,R00202,Joseph Davis,2003.0,Chicago,USA,joseph.davis3@mail.com
E00182,R00203,Anthony Anderson,1957.0,Madrid,Spain,anthony.anderson57@mail.com
E00183,"R00204,R00214",Sarah Davis,1984.0,Munich,Germany,sarah.davis84@mail.com
E00184,R00206,Jennifer Garcia,1997.0,Toronto,Canada,jennifer.garcia97@mail.com
E00185,R00208,Joseph Taylor,1962.0,Madrid,Spain,joseph.taylor62@mail.com
E00186,R00209,Sarah Kumar,1968.0,Boston,USA,sarah.kumar68@mail.com
E00187,R00210,Priya Davis,1990.0,Toronto,Canada,priya.davis90@mail.com
E00188,R00211,Jessica Garcia,1946.0,Munich,Germany,jessica.garcia46@mail.com
E00189,R00212,William Kumar,1949.0,Chennai,India,william.kumar49@mail.com
E00190,R00213,Nancy Rodriguez,1987.0,Mumbai,India,nancy.rodriguez87@mail.com
E00191,R00215,Elizabeth Smith,1951.0,Lyon,France,elizabeth.smith51@mail.com
E00192,R00216,Patricia Taylor,1977.0,Toronto,Canada,patricia.taylor77@mail.com
E00193,R00217,Susan Jones,1948.0,Paris,France,susan.jones48@mail.com
E00194,R00218,William Thomas,1945.0,Paris,France,william.thomas45@mail.com
E00195,"R00219,R00267",Richard Taylor,1948.0,Lyon,France,richard.taylor48@mail.com
E00196,R00220,Elizabeth Rodriguez,1997.0,Berlin,Germany,elizabeth.rodriguez97@mail.com
E00197,"R00221,R00352",Richard Moore,1956.0,Madrid,Spain,richard.moore56@mail.com
E00198,R00223,John Moore,1941.0,Chennai,India,john.moore41@mail.com
E00199,R00224,John Davis,1991.0,,France,john.davis91@mail.com
E00200,R00225,Charles Thomas,1979.0,Berlin,Germany,charles.thomas79@mail.com
E00201,R00226,Charles Martinez,1993.0,Chennai,India,charles.martinez93@mail.com
E00202,R00228,Priya Taylor,1993.0,,Germany,priya.taylor93@mail.com
E00203,R00230,Linda Anderson,1950.0,Chennai,India,linda.anderson50@mail.com
E00204,R00232,Charles Wilson,1949.0,Toronto,Canada,charles.wilson49@mail.com
E00205,R00233,Joseph Miller,1984.0,Lyon,France,joseph.miller84@mail.com
E00206,R00234,William Garcia,1976.0,Berlin,Germany,william.garcia76@mail.com
E00207,R00236,Jessica Miller,1941.0,Toronto,Canada,jessica.miller41@mail.com
E00208,"R00237,R00318",Jessica Johnson,1967.0,Toronto,Canada,jessica.johnson67@mail.com
E00209,R00238,Thomas Smith,1990.0,Mumbai,India,thomas.smith90@mail.com
E00210,R00239,Robert Moore,1975.0,Chicago,USA,robert.moore75@mail.com
E00211,"R00240,R00314",Richard Davis,1974.0,Toronto,Canada,richard.davis74@mail.com
E00212,"R00241,R00316",John Smith,1943.0,Toronto,Canada,john.smith43@mail.com
E00213,R00242,Joseph Martinez,1999.0,Madrid,Spain,joseph.martinez99@mail.com
E00214,R00243,Karen Johnson,1967.0,Madrid,Spain,karen.johnson67@mail.com
E00215,R00244,William Smith,1975.0,Madrid,Spain,william.smith75@mail.com
E00216,R00245,Matthew Miller,1983.0,Chicago,USA,matthew.miller83@mail.com
E00217,R00246,Karen Brown,1981.0,Paris,France,karen.brown81@mail.com
E00218,R00247,Matthew Smith,1977.0,Mumbai,India,matthew.smith77@mail.com
E00219,"R00248,R00286",Joseph Brown,1997.0,Chennai,India,joseph.brown97@mail.com
E00220,"R00249,R00264",Michael Martinez,1992.0,Chennai,India,michael.martinez92@mail.com
E00221,R00250,Joseph Garcia,1940.0,Lyon,France,joseph.garcia40@mail.com
E00222,R00251,Patricia Moore,1997.0,Mumbai,India,patricia.moore97@mail.com
E00223,R00252,Sarah Miller,2003.0,Mumbai,India,sarah.miller3@mail.com
E00224,R00253,Lisa Thomas,1968.0,Toronto,Canada,lisa.thomas68@mail.com
E00225,R00254,Susan Anderson,1998.0,Chennai,India,susan.anderson98@mail.com
E00226,R00255,Jennifer Johnson,1951.0,Chennai,India,jennifer.johnson51@mail.com
E00227,R00256,Michael Wilson,1979.0,Lyon,France,michael.wilson79@mail.com
E00228,R00257,Susan Martinez,1954.0,Chicago,USA,susan.martinez54@mail.com
E00229,R00258,Elizabeth Wilson,1993.0,Chennai,India,elizabeth.wilson93@mail.com
E00230,R00259,Linda Williams,1946.0,Madrid,Spain,linda.williams46@mail.com
E00231,R00260,David Miller,1949.0,Berlin,Germany,david.miller49@mail.com
E00232,R00261,Karen Rodriguez,1953.0,Munich,Germany,karen.rodriguez53@mail.com
E00233,R00262,Jennifer Wilson,2004.0,Chicago,USA,jennifer.wilson4@mail.com
E00234,R00265,Jennifer Rodriguez,2002.0,Paris,France,jennifer.rodriguez2@mail.com
E00235,R00266,Patricia Smith,1979.0,Boston,USA,patricia.smith79@mail.com
E00236,"R00268,R00270",Jennifer Miller,1979.0,Munich,Germany,jennifer.miller79@mail.com
E00237,"R00269,R00350",Elizabeth Taylor,1983.0,Madrid,Spain,elizabeth.taylor83@mail.com
E00238,R00271,Daniel Jones,1960.0,Chennai,India,daniel.jones60@mail.com
E00239,"R00272,R00313",Richard Anderson,1974.0,Mumbai,India,richard.anderson74@mail.com
E00240,R00273,Priya Johnson,2003.0,Boston,USA,priya.johnson3@mail.com
E00241,"R00274,R00339",Jennifer Thomas,1946.0,Lyon,France,jennifer.thomas46@mail.com
E00242,R00276,Nancy Thomas,1955.0,Chennai,India,nancy.thomas55@mail.com
E00243,R00277,Priya Jones,1990.0,Chennai,India,priya.jones90@mail.com
E00244,R00278,Sarah Brown,1988.0,Boston,USA,sarah.brown88@mail.com
E00245,R00279,Anthony Miller,1979.0,Lyon,France,anthony.miller79@mail.com
E00246,R00280,Linda Miller,1982.0,Mumbai,India,linda.miller82@mail.com
E00247,R00281,Daniel Thomas,1945.0,Mumbai,India,daniel.thomas45@mail.com
E00248,R00282,Robert Moore,1951.0,Madrid,Spain,robert.moore51@mail.com
E00249,R00284,Lisa Wilson,1974.0,,India,lisa.wilson74@mail.com
E00250,R00285,William Martinez,1994.0,Mumbai,India,william.martinez94@mail.com
E00251,R00288,Karen Davis,1950.0,Chennai,India,karen.davis50@mail.com
E00252,R00290,Priya Jones,1973.0,Boston,USA,priya.jones73@mail.com
E00253,R00291,Michael Miller,1994.0,Paris,France,michael.miller94@mail.com
E00254,R00292,Nancy Thomas,1942.0,Munich,Germany,nancy.thomas42@mail.com
E00255,R00293,Karen Rodriguez,1996.0,Toronto,Canada,karen.rodriguez96@mail.com
E00256,R00294,David Kumar,1979.0,Chennai,India,david.kumar79@mail.com
E00257,R00295,Nancy Kumar,1970.0,Mumbai,India,nancy.kumar70@mail.com
E00258,R00296,Charles Anderson,1952.0,Mumbai,India,charles.anderson52@mail.com
E00259,R00297,Joseph Johnson,2001.0,Munich,Germany,joseph.johnson1@mail.com
E00260,R00299,John Johnson,1947.0,Toronto,Canada,john.johnson47@mail.com
E00261,R00300,Lisa Garcia,1962.0,Berlin,Germany,lisa.garcia62@mail.com
E00262,R00302,Michael Davis,1943.0,Lyon,France,michael.davis43@mail.com
E00263,R00303,Thomas Anderson,1988.0,Lyun,France,thomas.anderson88@mail.com
E00264,R00304,Karen Anderson,2002.0,Boston,USA,karen.anderson2@mail.com
E00265,R00305,Joseph Thomas,1990.0,Berlin,Germany,joseph.thomas90@mail.com
E00266,R00306,Thomas Garcia,1970.0,Berlin,Germany,thomas.garcia70@mail.com
E00267,R00307,Priya Miller,1999.0,Madrid,Spain,priya.miller99@mail.com
E00268,R00308,Sarah Anderson,1965.0,Toronto,Canada,sarah.anderson65@mail.com
E00269,R00309,Thomas Garcia,2005.0,Paris,France,thomas.garcia5@mail.com
E00270,R00311,Lisa Smith,1989.0,Toronto,Canada,lisa.smith89@mail.com
E00271,R00312,Robert Anderson,1979.0,Boston,USA,robert.anderson79@mail.com
E00272,R00315,Richard Thomas,1964.0,Chennai,India,richard.thomas64@mail.com
E00273,R00319,Linda Rodriguez,1954.0,Madrid,Spain,linda.rodriguez54@mail.com
E00274,R00320,Michael Williams,1999.0,Chennai,India,michael.williams99@mail.com
E00275,R00321,Sarah Miller,1955.0,Boston,USA,sarah.miller55@mail.com
E00276,R00323,John Taylor,1967.0,Boston,USA,john.taylor67@mail.com
E00277,R00324,Michael Johnson,1980.0,Madrid,Spain,michael.johnson80@mail.com
E00278,R00325,Thomas Rodriguez,,Chicago,USA,
E00279,R00326,Matthew Williams,2005.0,Chicago,USA,matthew.williams5@mail.com
E00280,R00327,Arjun Jones,1996.0,Mumbai,India,arjun.jones96@mail.com
E00281,R00328,Joseph Garcia,2001.0,Chennai,India,joseph.garcia1@mail.com
E00282,R00329,Michael Williams,1972.0,Lyon,France,michael.williams72@mail.com
E00283,R00330,Joseph Wilson,1995.0,Munich,Germany,joseph.wilson95@mail.com
E00284,R00332,Charles Miller,1970.0,Mumbai,India,charles.miller70@mail.com
E00285,R00333,Michael Johnson,1975.0,Lyon,France,michael.johnson75@mail.com
E00286,R00334,Patricia Davis,1990.0,Mumbai,India,patricia.davis90@mail.com
E00287,R00336,David Brown,1945.0,Chennai,India,david.brown45@mail.com
E00288,R00337,David Thomas,1978.0,Berlin,Germany,david.thomas78@mail.com
E00289,R00338,John Rodriguez,1951.0,Chennai,India,john.rodriguez51@mail.com
E00290,R00340,John Taylor,1974.0,Chicago,USA,john.taylor74@mail.com
E00291,R00341,Sarah Moore,2000.0,Boston,USA,sarah.moore0@mail.com
E00292,R00342,Priya Wilson,1997.0,Boston,USA,priya.wilson97@mail.com
E00293,R00343,Priya Thomas,2004.0,Munich,Germany,priya.thomas4@mail.com
E00294,R00344,Jennifer Brown,1959.0,Paris,France,jennifer.brown59@mail.com
E00295,R00345,Matthew Smith,1994.0,,Spain,matthew.smith94@mail.com
E00296,R00346,Susan Jones,1993.0,Berlin,Germany,susan.jones93@mail.com
E00297,R00347,Anthony Martinez,1987.0,Berlin,Germany,anthony.martinez87@mail.com
E00298,R00348,Mary Smith,1940.0,Chicago,USA,mary.smith40@mail.com
E00299,R00349,Joseph Martinez,1942.0,Berlin,Germany,joseph.martinez42@mail.com
E00300,R00354,Jessica Williams,1988.0,Berlin,Germany,jessica.williams88@mail.com
E00301,R00355,Thomas Rodriguez,1982.0,Chicago,USA,thomas.rodriguez82@mail.com
