src,rel,dst,from_rel_row
E00253,friend_of,E00081,0
E00202,friend_of,E00068,1
E00228,friend_of,E00258,2
E00274,friend_of,E00019,3
E00021,friend_of,E00097,4
E00271,friend_of,E00110,5
E00221,parent_of,E00089,6
E00299,friend_of,E00066,7
E00149,friend_of,E00084,8
E00289,parent_of,E00105,9
E00057,parent_of,E00082,10
E00004,friend_of,E00052,11
E00054,parent_of,E00216,12
E00294,parent_of,E00288,13
E00233,friend_of,E00288,14
E00256,friend_of,E00059,15
E00170,friend_of,E00035,16
E00032,friend_of,E00109,17
E00019,friend_of,E00185,18
E00210,friend_of,E00271,19
E00007,friend_of,E00158,20
E00197,parent_of,E00166,21
E00206,friend_of,E00118,23
E00149,friend_of,E00120,24
E00205,friend_of,E00260,25
E00044,friend_of,E00034,26
E00081,friend_of,E00034,27
E00184,friend_of,E00075,28
E00121,parent_of,E00202,29
E00020,friend_of,E00026,30
E00300,friend_of,E00168,31
E00235,friend_of,E00096,32
E00287,friend_of,E00185,33
E00238,friend_of,E00132,34
E00298,parent_of,E00141,35
E00292,friend_of,E00168,36
E00180,friend_of,E00045,37
E00289,friend_of,E00126,38
E00038,friend_of,E00084,39
E00010,friend_of,E00110,40
E00166,friend_of,E00110,41
E00300,friend_of,E00148,42
E00024,friend_of,E00214,43
E00164,friend_of,E00202,44
E00098,friend_of,E00009,45
E00159,friend_of,E00137,46
E00172,friend_of,E00289,47
E00123,friend_of,E00170,48
E00040,friend_of,E00282,50
E00160,parent_of,E00032,51
E00228,friend_of,E00113,52
E00035,friend_of,E00152,53
E00169,friend_of,E00084,54
E00162,friend_of,E00152,55
E00118,friend_of,E00177,56
E00240,friend_of,E00003,57
E00024,friend_of,E00111,58
E00292,friend_of,E00155,59
E00116,friend_of,E00150,60
E00009,friend_of,E00135,61
E00275,parent_of,E00145,62
E00210,friend_of,E00246,63
E00285,friend_of,E00111,64
E00178,friend_of,E00165,65
E00045,friend_of,E00179,66
E00060,friend_of,E00018,67
E00145,friend_of,E00165,68
E00115,parent_of,E00085,69
E00074,friend_of,E00034,70
E00037,friend_of,E00165,71
E00128,friend_of,E00078,72
E00012,parent_of,E00086,73
E00117,parent_of,E00143,74
E00109,parent_of,E00279,75
E00050,friend_of,E00214,76
E00265,friend_of,E00132,77
E00097,parent_of,E00177,78
E00123,friend_of,E00247,79
E00137,friend_of,E00104,80
E00139,parent_of,E00098,81
E00045,friend_of,E00258,82
E00016,friend_of,E00048,83
E00005,friend_of,E00037,84
E00264,friend_of,E00149,85
E00266,friend_of,E00276,86
E00285,friend_of,E00246,87
E00192,parent_of,E00087,88
E00235,friend_of,E00056,89
E00142,friend_of,E00072,90
E00201,friend_of,E00200,91
E00168,friend_of,E00122,92
E00080,friend_of,E00003,93
E00242,parent_of,E00153,94
E00189,parent_of,E00279,95
E00050,parent_of,E00166,96
E00127,parent_of,E00134,97
E00034,parent_of,E00265,98
E00009,parent_of,E00292,99
E00107,friend_of,E00245,100
E00216,parent_of,E00144,102
E00195,parent_of,E00109,103
E00285,friend_of,E00211,104
E00012,parent_of,E00085,105
E00146,friend_of,E00229,106
E00058,friend_of,E00116,107
E00208,friend_of,E00261,108
E00131,friend_of,E00216,109
E00272,parent_of,E00017,110
E00279,friend_of,E00207,111
E00126,parent_of,E00162,112
E00270,friend_of,E00061,113
E00023,parent_of,E00027,114
E00021,parent_of,E00086,115
E00225,friend_of,E00060,116
E00240,friend_of,E00276,117
E00158,friend_of,E00095,118
E00207,parent_of,E00222,119
E00059,parent_of,E00024,121
E00147,friend_of,E00053,122
E00088,parent_of,E00220,123
E00171,friend_of,E00257,124
E00236,friend_of,E00194,125
E00151,friend_of,E00188,126
E00000,parent_of,E00222,127
E00278,friend_of,E00077,128
E00030,friend_of,E00162,129
E00237,friend_of,E00109,130
E00065,parent_of,E00278,131
E00008,friend_of,E00018,132
E00275,friend_of,E00067,134
E00143,parent_of,E00222,135
E00230,parent_of,E00079,136
E00276,friend_of,E00266,137
E00217,friend_of,E00275,138
E00006,friend_of,E00277,139
E00029,friend_of,E00096,140
E00166,friend_of,E00062,141
E00034,parent_of,E00239,142
E00228,friend_of,E00257,144
E00164,friend_of,E00127,145
E00277,friend_of,E00065,146
E00272,friend_of,E00122,147
E00090,parent_of,E00202,148
E00289,parent_of,E00180,149
